id,name,swings_competitive,percent_swings_competitive,contact,avg_bat_speed,hard_swing_rate,squared_up_per_bat_contact,squared_up_per_swing,blast_per_bat_contact,blast_per_swing,swing_length,swords,batter_run_value,whiffs,whiff_per_swing,batted_ball_events,batted_ball_event_per_swing,season
665833,"Cruz, Oneil",818,0.9058693244739756,553,78.789158068,0.7836185819070907,0.3236889692585895,0.2188264058679706,0.2477396021699819,0.167481662591687,7.760677592,19,-21.06072956724766,265,0.323960880195599,271,0.3312958435207824,2024
691406,"Caminero, Junior",1090,0.9068219633943428,839,78.539181982,0.8110091743119265,0.2908224076281287,0.2238532110091743,0.2240762812872467,0.1724770642201835,8.417281284,21,2.3740024598841467,251,0.2302752293577981,427,0.391743119266055,2024
691023,"Walker, Jordan",686,0.9050131926121372,465,78.069257522,0.7784256559766762,0.2666666666666666,0.1807580174927113,0.2,0.1355685131195335,8.258906224,21,-19.146260678908483,221,0.3221574344023323,231,0.336734693877551,2024
666176,"Adell, Jo",1032,0.9028871391076116,779,77.613888062,0.733527131782946,0.2618741976893453,0.1976744186046511,0.1912708600770218,0.1443798449612403,7.728556453,30,0.6673684378130986,253,0.2451550387596899,354,0.3430232558139535,2024
656941,"Schwarber, Kyle",1138,0.9003164556962026,807,77.316244517,0.7706502636203867,0.322180916976456,0.2284710017574692,0.2465923172242874,0.1748681898066783,7.530869815,51,11.199153320743296,331,0.2908611599297012,385,0.3383128295254833,2024
701762,"Kurtz, Nick",731,0.9103362391033624,488,77.211195171,0.7264021887824897,0.2930327868852459,0.1956224350205198,0.221311475409836,0.1477428180574555,7.705810629,18,22.42912705352609,243,0.332421340629275,242,0.3310533515731874,2024
592450,"Judge, Aaron",1015,0.9022222222222224,685,76.992197803,0.7162561576354678,0.3416058394160584,0.2305418719211822,0.2510948905109489,0.1694581280788177,8.109203547,35,34.148531919536566,330,0.3251231527093596,347,0.341871921182266,2024
665489,"Guerrero Jr., Vladimir",927,0.9124015748031497,734,76.664463484,0.6774541531823084,0.3719346049046321,0.2944983818770226,0.2574931880108992,0.203883495145631,7.632336192,8,4.929227111201968,193,0.2081984897518878,454,0.4897518878101402,2024
670242,"Wallner, Matt",693,0.90234375,448,76.567157042,0.6854256854256853,0.2522321428571428,0.163059163059163,0.1696428571428571,0.1096681096681096,7.422964863,21,-3.682184753446162,245,0.3535353535353535,204,0.2943722943722944,2024
677594,"Rodríguez, Julio",1212,0.905829596412556,884,76.437334686,0.6386138613861385,0.3076923076923077,0.2244224422442244,0.1979638009049773,0.1443894389438944,7.674201295,19,-2.4884927866672584,328,0.2706270627062706,458,0.3778877887788779,2024
660670,"Acuña Jr., Ronald",707,0.8994910941475827,502,76.414268656,0.6732673267326732,0.2828685258964143,0.2008486562942008,0.199203187250996,0.1414427157001414,7.593044752,17,1.8901222995738047,205,0.28995756718529,226,0.3196605374823196,2024
695578,"Wood, James",1029,0.901840490797546,721,76.045597784,0.6268221574344023,0.3356449375866852,0.2351797862001943,0.2274618585298197,0.1593780369290573,7.660401516,44,-1.1969703349949925,308,0.2993197278911564,353,0.3430515063168124,2024
575929,"Contreras, Willson",926,0.9034146341463416,666,75.993222084,0.6209503239740823,0.2912912912912913,0.2095032397408207,0.1831831831831832,0.1317494600431965,7.962314244,14,-10.202626987773378,260,0.2807775377969762,319,0.3444924406047516,2024
680718,"Barger, Addison",855,0.9076433121019108,641,75.928020187,0.6269005847953215,0.3057722308892355,0.2292397660818713,0.2059282371294852,0.1543859649122807,7.657877567,7,-13.723687647690731,214,0.2502923976608187,316,0.3695906432748538,2024
663586,"Riley, Austin",800,0.9019165727170236,577,75.887103088,0.6050000000000002,0.2755632582322357,0.19875,0.1923743500866551,0.13875,7.567306888,18,-14.124676305059166,223,0.27875,265,0.33125,2024
660821,"Sánchez, Jesús",826,0.9066959385290888,621,75.851158487,0.5883777239709442,0.3043478260869565,0.2288135593220339,0.1867954911433172,0.1404358353510895,6.918172554,14,-24.85054572308101,205,0.24818401937046,316,0.3825665859564164,2024
660271,"Ohtani, Shohei",1149,0.9025923016496464,788,75.848867685,0.618798955613577,0.3642131979695431,0.2497824194952132,0.2601522842639593,0.1784160139251523,7.932627581,14,25.06675493108903,361,0.3141862489120974,389,0.3385552654482158,2024
673357,"Robert Jr., Luis",723,0.902621722846442,518,75.613043555,0.5739972337482712,0.2837837837837837,0.2033195020746888,0.1640926640926641,0.1175656984785615,7.81207177,19,-14.89584872369119,205,0.2835408022130014,257,0.355463347164592,2024
682985,"Greene, Riley",1255,0.9074475777295734,866,75.60623192,0.5721115537848607,0.2459584295612009,0.1697211155378486,0.151270207852194,0.1043824701195219,7.274556876,6,-13.09729666895662,389,0.3099601593625498,359,0.2860557768924303,2024
683002,"Henderson, Gunnar",1061,0.9122957867583836,821,75.340720999,0.5344015080113101,0.3239951278928136,0.2507068803016022,0.2034104750304506,0.1573986804901036,7.278690434,21,-14.388135040917026,240,0.2262016965127238,417,0.3930254476908577,2024
686948,"Baldwin, Drake",778,0.9067599067599068,638,75.302231992,0.56426735218509,0.3119122257053291,0.255784061696658,0.1896551724137931,0.1555269922879177,7.184185013,9,-1.5511166364706557,140,0.1799485861182519,316,0.4061696658097686,2024
624413,"Alonso, Pete",1133,0.9085805934242182,858,75.256778967,0.5339805825242717,0.3356643356643357,0.2541924095322153,0.2272727272727272,0.1721094439541041,7.057215755,15,-3.545842109061556,275,0.2427184466019417,433,0.382171226831421,2024
663728,"Raleigh, Cal",1282,0.9009135628952916,918,75.240044431,0.546801872074883,0.2777777777777778,0.1989079563182527,0.1742919389978213,0.1248049921996879,7.89323259,29,5.855278933115832,364,0.2839313572542902,383,0.2987519500780031,2024
682663,"Ramírez, Agustín",945,0.9104046242774566,719,75.23016891,0.5544973544973545,0.3198887343532684,0.2433862433862433,0.21557719054242,0.164021164021164,7.505137651,19,-21.178508166265942,226,0.2391534391534391,399,0.4222222222222222,2024
663624,"Mountcastle, Ryan",691,0.9092105263157896,477,75.209663473,0.5267727930535457,0.2746331236897275,0.1895803183791606,0.1509433962264151,0.1041968162083936,7.532170564,13,-14.22901705390432,214,0.3096960926193922,220,0.3183791606367583,2024
672356,"Arias, Gabriel",911,0.9082751744765702,556,75.07646303,0.526893523600439,0.2751798561151079,0.1679473106476399,0.1618705035971223,0.0987925356750823,7.616500099,22,-29.6761756798724,355,0.3896816684961581,257,0.2821075740944017,2024
621439,"Buxton, Byron",934,0.9050387596899224,665,75.034829251,0.505353319057816,0.318796992481203,0.2269807280513918,0.2030075187969924,0.1445396145610278,7.93421576,15,11.80472677896015,269,0.2880085653104925,332,0.3554603854389722,2024
669065,"Stowers, Kyle",814,0.902439024390244,566,75.003284631,0.5171990171990172,0.2985865724381625,0.2076167076167076,0.1749116607773851,0.1216216216216216,6.737465393,24,4.86674181207287,248,0.3046683046683047,259,0.3181818181818182,2024
656305,"Chapman, Matt",824,0.9064906490649064,627,74.95186142,0.508495145631068,0.2998405103668261,0.2281553398058252,0.1802232854864433,0.137135922330097,7.486535886,20,-15.091824438867608,197,0.2390776699029126,301,0.3652912621359223,2024
683146,"Baty, Brett",717,0.9053030303030304,527,74.80152152,0.485355648535565,0.3092979127134725,0.2273361227336122,0.174573055028463,0.1283124128312412,7.358614142,16,-5.184352811514541,190,0.2649930264993027,261,0.3640167364016736,2024
680776,"Duran, Jarren",1090,0.9083333333333332,797,74.780223881,0.4752293577981651,0.3199498117942284,0.2339449541284403,0.1944792973651192,0.1422018348623853,7.483983569,21,-15.271286595216509,293,0.2688073394495412,417,0.3825688073394495,2024
657757,"Sheets, Gavin",916,0.9078295341922696,732,74.776802238,0.5185589519650655,0.3128415300546448,0.25,0.1762295081967213,0.1408296943231441,7.744474476,20,-10.223614010791852,184,0.2008733624454148,374,0.408296943231441,2024
682998,"Carroll, Corbin",1082,0.9039264828738512,829,74.653640647,0.4556377079482439,0.3039806996381182,0.232902033271719,0.1942098914354644,0.1487985212569316,7.305025518,20,-2.802655697508932,253,0.2338262476894639,383,0.3539741219963031,2024
669394,"Burger, Jake",648,0.905027932960894,464,74.646523071,0.5,0.3189655172413793,0.228395061728395,0.2155172413793103,0.1543209876543209,7.434226512,13,-15.07549318077621,184,0.2839506172839506,240,0.3703703703703703,2024
606466,"Marte, Ketel",844,0.90752688172043,663,74.616460948,0.4549763033175356,0.3559577677224736,0.2796208530805687,0.1930618401206636,0.1516587677725118,7.834037192,14,-2.605991051038294,181,0.2144549763033175,365,0.4324644549763033,2024
701358,"Smith, Cam",885,0.9049079754601228,640,74.498750667,0.4689265536723163,0.2546875,0.1841807909604519,0.1453125,0.1050847457627118,7.315622395,16,-22.35207632324541,245,0.2768361581920904,294,0.3322033898305084,2024
682829,"De La Cruz, Elly",1083,0.9055183946488294,750,74.485111062,0.4496768236380424,0.344,0.2382271468144044,0.204,0.1412742382271468,7.188370813,32,-16.818128744316148,333,0.3074792243767313,409,0.3776546629732225,2024
592518,"Machado, Manny",1185,0.9045801526717556,891,74.470258042,0.430379746835443,0.3535353535353535,0.2658227848101265,0.2199775533108866,0.1654008438818565,7.822820886,20,-16.378292677774738,294,0.2481012658227848,456,0.3848101265822785,2024
671056,"Herrera, Iván",703,0.9059278350515464,549,74.395397681,0.476529160739687,0.3224043715846995,0.251778093883357,0.1876138433515482,0.1465149359886202,7.840217368,4,-9.02497325400557,154,0.2190611664295874,273,0.3883357041251778,2024
696100,"Goodman, Hunter",1035,0.905511811023622,728,74.380206309,0.4270531400966182,0.3090659340659341,0.217391304347826,0.1634615384615384,0.114975845410628,7.255008937,27,5.813713199840276,307,0.2966183574879227,356,0.3439613526570048,2024
677951,"Witt Jr., Bobby",1114,0.9079054604726976,865,74.337984048,0.4506283662477558,0.3479768786127167,0.2701974865350089,0.2,0.1552962298025134,7.033936077,24,-2.19287345069614,249,0.2235188509874326,454,0.40754039497307,2024
671739,"Harris II, Michael",1073,0.9039595619208088,824,74.324738145,0.4072693383038209,0.3118932038834951,0.2395153774464119,0.1881067961165048,0.1444547996272134,8.043171855,22,-29.58139112785936,249,0.2320596458527493,438,0.4082013047530289,2024
547180,"Harper, Bryce",1033,0.9013961605584644,734,74.188664105,0.4433688286544047,0.3010899182561308,0.2139399806389157,0.1839237057220708,0.1306873184898354,7.340089903,15,-8.685617007501897,299,0.2894482090997096,348,0.3368828654404646,2024
572233,"Walker, Christian",1157,0.901792673421668,842,74.121950838,0.4191875540190146,0.2885985748218527,0.2100259291270527,0.1638954869358669,0.1192739844425237,7.475370778,54,-24.42773764125978,315,0.2722558340535869,380,0.3284356093344857,2024
677800,"Abreu, Wilyer",745,0.9063260340632604,593,74.113350443,0.4093959731543623,0.2748735244519393,0.2187919463087248,0.1686340640809443,0.1342281879194631,7.118607423,15,-4.879121689955363,152,0.2040268456375839,265,0.3557046979865771,2024
691176,"Domínguez, Jasson",769,0.9111374407582938,566,74.059258804,0.3849154746423926,0.2897526501766784,0.2132639791937581,0.1731448763250883,0.1274382314694408,7.794933602,7,-13.403110579139762,203,0.2639791937581274,254,0.330299089726918,2024
545361,"Trout, Mike",857,0.9021052631578949,617,74.049968238,0.4014002333722287,0.2739059967585089,0.1971995332555426,0.1636952998379254,0.1178529754959159,7.462248705,25,-13.68838147388264,240,0.2800466744457409,262,0.3057176196032672,2024
641857,"McMahon, Ryan",1001,0.904245709123758,670,74.025842228,0.4005994005994006,0.3134328358208955,0.2097902097902098,0.1701492537313433,0.1138861138861138,7.443851459,28,-35.35739927577845,331,0.3306693306693307,299,0.2987012987012987,2024
671218,"Ramos, Heliot",1122,0.9048387096774192,855,74.003327959,0.446524064171123,0.327485380116959,0.249554367201426,0.1824561403508772,0.1390374331550802,6.83663451,24,-29.456068126141503,267,0.2379679144385026,430,0.3832442067736185,2024
691016,"Soderstrom, Tyler",959,0.909867172675522,731,73.960501168,0.3806047966631909,0.3296853625170998,0.251303441084463,0.2079343365253078,0.1584984358706986,7.481178843,27,-11.2889023892027,228,0.2377476538060479,376,0.3920750782064651,2024
665487,"Tatis Jr., Fernando",1036,0.9048034934497816,774,73.960078147,0.4266409266409265,0.3695090439276486,0.276061776061776,0.2183462532299741,0.1631274131274131,7.28345333,32,-18.964127098134604,262,0.2528957528957529,415,0.4005791505791505,2024
624424,"Conforto, Michael",835,0.9155701754385964,641,73.955932287,0.4263473053892215,0.2730109204368174,0.2095808383233532,0.1404056162246489,0.1077844311377245,7.304327126,7,-34.48168750604044,194,0.2323353293413173,286,0.3425149700598802,2024
621566,"Olson, Matt",1256,0.9088277858176556,940,73.94386164,0.4132165605095542,0.2925531914893617,0.2189490445859872,0.1808510638297872,0.1353503184713375,7.47358371,21,-9.335769077944146,316,0.2515923566878981,406,0.3232484076433121,2024
665862,"Chisholm Jr., Jazz",881,0.9054470709146968,608,73.927217537,0.4188422247446083,0.2960526315789473,0.2043132803632236,0.162828947368421,0.1123723041997729,7.803667128,7,-5.460189473406427,273,0.3098751418842225,282,0.3200908059023836,2024
694192,"Chourio, Jackson",992,0.9009990917347864,760,73.879173498,0.4002016129032257,0.3434210526315789,0.2631048387096774,0.1868421052631579,0.1431451612903226,7.507009163,22,-5.1265523281164125,232,0.2338709677419354,402,0.4052419354838709,2024
664040,"Lowe, Brandon",1055,0.9055793991416308,741,73.851873033,0.4037914691943128,0.2995951417004048,0.2104265402843602,0.1565452091767881,0.109952606635071,7.18868,31,-10.549466401504397,314,0.2976303317535545,341,0.3232227488151659,2024
669127,"Langeliers, Shea",889,0.905295315682281,672,73.821159348,0.3959505061867266,0.3244047619047619,0.2452193475815523,0.1875,0.1417322834645669,7.210800765,5,0.4116652669644831,217,0.2440944881889764,351,0.3948256467941507,2024
621043,"Correa, Carlos",927,0.9097154072620216,734,73.809263398,0.3786407766990292,0.3147138964577656,0.2491909385113268,0.1825613079019073,0.1445523193096008,7.197621521,15,-11.571003160977677,193,0.2081984897518878,380,0.4099244875943905,2024
666160,"Moniak, Mickey",800,0.8998875140607424,593,73.765342013,0.3737500000000001,0.3322091062394603,0.24625,0.1686340640809443,0.125,7.673505663,19,3.069839668301892,207,0.25875,314,0.3925,2024
671732,"Butler, Lawrence",1041,0.9028620988725063,719,73.750080653,0.3919308357348703,0.3059805285118219,0.2113352545629202,0.1766342141863699,0.121998078770413,7.081448463,26,-25.230679016128693,322,0.3093179634966378,356,0.3419788664745437,2024
543807,"Springer, George",922,0.9021526418786692,694,73.743484772,0.4034707158351411,0.3270893371757925,0.2462039045553145,0.185878962536023,0.1399132321041215,7.500359111,13,8.405849532399941,228,0.2472885032537961,355,0.3850325379609544,2024
668904,"Lewis, Royce",683,0.9034391534391536,512,73.64248631,0.398243045387994,0.33203125,0.2489019033674963,0.16796875,0.1259150805270864,8.024680059,12,-4.907378367236925,171,0.2503660322108345,263,0.3850658857979502,2024
665742,"Soto, Juan",917,0.8999018645731109,752,73.594467372,0.4089422028353326,0.3962765957446808,0.3249727371864776,0.2632978723404255,0.2159214830970556,7.028068844,36,16.117597992119187,165,0.1799345692475463,414,0.4514721919302072,2024
650490,"Díaz, Yandy",979,0.9064814814814814,811,73.570977436,0.3534218590398366,0.3637484586929716,0.3013278855975485,0.2379778051787916,0.1971399387129724,7.639619193,9,-6.884815373620763,168,0.1716036772216547,439,0.4484167517875383,2024
667670,"Rooker, Brent",1126,0.9029671210906176,810,73.547462265,0.3570159857904086,0.3333333333333333,0.2397868561278863,0.1716049382716049,0.1234458259325044,7.102419014,45,-12.378890722091118,316,0.280639431616341,435,0.386323268206039,2024
664056,"Bader, Harrison",835,0.90465872156013,605,73.527069449,0.3712574850299401,0.2826446280991735,0.2047904191616766,0.1520661157024793,0.1101796407185628,7.150258299,18,-3.290095653244905,230,0.2754491017964072,298,0.3568862275449102,2024
595879,"Báez, Javier",738,0.8989037758830695,529,73.51512607,0.3441734417344173,0.3024574669187145,0.2168021680216802,0.162570888468809,0.1165311653116531,8.2668379,10,-9.132474582088737,209,0.2831978319783197,278,0.3766937669376693,2024
663457,"Nootbaar, Lars",807,0.9047085201793722,650,73.436411289,0.3779429987608426,0.36,0.2899628252788104,0.1938461538461538,0.1561338289962825,6.894047968,20,-24.93632661401165,157,0.1945477075588599,355,0.4399008674101611,2024
669224,"Wells, Austin",807,0.9036954087346024,604,73.426844994,0.3110285006195786,0.2947019867549669,0.2205700123915737,0.1672185430463576,0.1251548946716233,7.595962491,12,-13.45946138600474,203,0.2515489467162329,274,0.3395291201982652,2024
676572,"Wagaman, Eric",778,0.9036004645760743,609,73.418307545,0.3663239074550129,0.3760262725779967,0.2943444730077121,0.1954022988505747,0.1529562982005141,7.128526028,26,-15.695383701919749,169,0.2172236503856041,356,0.4575835475578406,2024
700250,"Rice, Ben",780,0.9090909090909092,629,73.40694141,0.3448717948717948,0.3863275039745628,0.3115384615384615,0.2400635930047694,0.1935897435897436,7.361684654,15,-2.50781466622483,151,0.1935897435897436,340,0.4358974358974359,2024
502054,"Pham, Tommy",644,0.9057665260196904,506,73.400016863,0.327639751552795,0.3715415019762846,0.2919254658385093,0.1818181818181818,0.1428571428571428,7.027149317,10,-13.380186819978908,138,0.2142857142857142,274,0.4254658385093168,2024
592885,"Yelich, Christian",1053,0.901541095890411,760,73.379729421,0.3561253561253561,0.3236842105263158,0.2336182336182336,0.1828947368421052,0.1320037986704653,7.537375935,23,-10.400925066798752,293,0.2782526115859449,381,0.3618233618233618,2024
673548,"Suzuki, Seiya",988,0.9006381039197813,782,73.36558583,0.3714574898785425,0.3324808184143222,0.2631578947368421,0.1905370843989769,0.1508097165991903,7.222298613,26,-0.9202503506371142,206,0.2085020242914979,397,0.4018218623481781,2024
661388,"Contreras, William",1051,0.8982905982905983,821,73.253165109,0.3501427212178877,0.366626065773447,0.2863939105613701,0.1936662606577344,0.1512844909609895,7.11134352,27,-15.86816283311958,230,0.2188392007611798,420,0.3996194100856327,2024
687597,"Beck, Jordan",942,0.907514450867052,658,73.199990499,0.3290870488322719,0.2644376899696048,0.1847133757961783,0.1337386018237082,0.0934182590233545,7.724561242,8,-9.42606212036862,284,0.3014861995753715,319,0.3386411889596603,2024
694671,"Langford, Wyatt",900,0.9063444108761328,675,73.144246678,0.29,0.3437037037037037,0.2577777777777778,0.1792592592592592,0.1344444444444444,7.020940822,10,-14.413496195009076,225,0.25,321,0.3566666666666667,2024
605137,"Bell, Josh",889,0.9080694586312564,698,73.081846254,0.3487064116985377,0.3438395415472779,0.2699662542182227,0.1862464183381088,0.1462317210348706,7.964290945,12,-23.399487100369804,191,0.2148481439820022,364,0.4094488188976378,2024
679529,"Torkelson, Spencer",1048,0.9105125977410948,789,73.047568006,0.2643129770992367,0.3067173637515842,0.2309160305343511,0.1520912547528517,0.1145038167938931,7.762899275,17,-21.9375277614721,259,0.2471374045801526,369,0.3520992366412214,2024
606192,"Hernández, Teoscar",946,0.9069990412272292,660,72.943081924,0.3097251585623678,0.346969696969697,0.2420718816067653,0.1848484848484848,0.1289640591966173,7.812608763,26,-17.22474871152257,286,0.3023255813953488,353,0.3731501057082452,2024
521692,"Perez, Salvador",1151,0.9013312451057164,862,72.936409731,0.3049522154648132,0.3259860788863109,0.2441355343179843,0.1751740139211137,0.1311902693310165,7.853045725,22,-20.918272419244044,289,0.2510860121633362,441,0.3831450912250217,2024
542303,"Ozuna, Marcell",906,0.9014925373134328,677,72.883619272,0.3156732891832229,0.3175775480059084,0.2373068432671081,0.1462333825701624,0.1092715231788079,7.2430117,3,-13.252673140586776,229,0.2527593818984547,313,0.3454746136865342,2024
691718,"Crow-Armstrong, Pete",1225,0.9060650887573964,901,72.729197559,0.2848979591836734,0.3007769145394006,0.2212244897959183,0.146503884572697,0.1077551020408163,7.23741551,24,-7.894141731490616,324,0.2644897959183673,415,0.3387755102040816,2024
666134,"Jones, Nolan",690,0.9019607843137256,502,72.724750536,0.3144927536231883,0.3027888446215139,0.2202898550724637,0.1414342629482071,0.1028985507246376,6.87245613,14,-26.478723115256305,188,0.272463768115942,216,0.3130434782608696,2024
669911,"Toglia, Michael",585,0.8944954128440367,387,72.724575419,0.2273504273504274,0.2661498708010336,0.176068376068376,0.1317829457364341,0.0871794871794871,7.579395009,15,-15.904302883008851,198,0.3384615384615385,167,0.2854700854700854,2024
669357,"Gorman, Nolan",687,0.9027595269382392,465,72.705924687,0.2445414847161572,0.2752688172043011,0.1863173216885007,0.1311827956989247,0.0887918486171761,7.552257918,17,-20.763472524450336,222,0.3231441048034934,200,0.2911208151382823,2024
686555,"Collins, Isaac",683,0.9058355437665784,542,72.67321325,0.2254758418740849,0.3044280442804428,0.2415812591508052,0.1402214022140221,0.1112737920937042,6.688299605,19,-11.0954870639292,141,0.2064421669106881,262,0.383601756954612,2024
663993,"Lowe, Nathaniel",1035,0.9039301310043668,801,72.667132184,0.242512077294686,0.2746566791510612,0.2125603864734299,0.1335830212234706,0.1033816425120772,7.221843797,28,-23.14894590627861,234,0.2260869565217391,356,0.3439613526570048,2024
502671,"Goldschmidt, Paul",900,0.9146341463414634,732,72.629168189,0.2188888888888889,0.3401639344262295,0.2766666666666666,0.157103825136612,0.1277777777777777,7.587425833,9,-14.047163586072347,168,0.1866666666666666,371,0.4122222222222222,2024
683011,"Volpe, Anthony",977,0.9037927844588344,741,72.59852911,0.285568065506653,0.3346828609986504,0.2538382804503582,0.1551956815114709,0.1177072671443193,7.248336776,11,-32.40619780592609,236,0.2415557830092118,361,0.3694984646878199,2024
686780,"Pagés, Pedro",684,0.9059602649006624,502,72.593405746,0.2733918128654972,0.2629482071713147,0.1929824561403508,0.1254980079681275,0.0921052631578947,7.110053275,18,-16.449213059833934,182,0.2660818713450292,240,0.3508771929824561,2024
672820,"Sosa, Lenyn",932,0.9057337220602528,729,72.574127146,0.2628755364806866,0.3443072702331962,0.26931330472103,0.1618655692729766,0.1266094420600858,7.420237575,9,1.5966038468005128,203,0.2178111587982832,372,0.3991416309012875,2024
681624,"Pages, Andy",1114,0.9005658852061439,905,72.5706936,0.2154398563734291,0.292817679558011,0.2378815080789946,0.1270718232044199,0.1032315978456014,7.889855503,31,1.9967620372809909,209,0.1876122082585278,418,0.3752244165170557,2024
608369,"Seager, Corey",731,0.9024691358024692,539,72.552322271,0.2188782489740083,0.3543599257884972,0.2612859097127223,0.2040816326530612,0.1504787961696306,6.68573275,21,-6.574383473418659,192,0.2626538987688098,265,0.3625170998632011,2024
672386,"Kirk, Alejandro",844,0.9114470842332614,693,72.537012725,0.2855450236966825,0.3838383838383838,0.3151658767772511,0.2106782106782107,0.1729857819905213,7.193210912,12,-14.480763446978033,151,0.178909952606635,384,0.4549763033175355,2024
686469,"Pasquantino, Vinnie",1093,0.9093178036605656,907,72.528404575,0.2644098810612991,0.3627342888643881,0.3010064043915828,0.1830209481808158,0.151875571820677,7.381393413,12,-1.5272926588292428,186,0.1701738334858188,477,0.4364135407136322,2024
666139,"Lowe, Josh",875,0.9057971014492754,636,72.43918344,0.2754285714285713,0.2688679245283019,0.1954285714285714,0.10062893081761,0.0731428571428571,7.309980034,15,-31.382252100945543,239,0.2731428571428571,265,0.3028571428571429,2024
671277,"García Jr., Luis",878,0.9051546391752576,710,72.4022391,0.2801822323462415,0.376056338028169,0.3041002277904328,0.180281690140845,0.1457858769931662,7.401102995,18,-10.628362343873114,168,0.1913439635535307,388,0.4419134396355353,2024
682928,"Abrams, CJ",1033,0.9006102877070619,799,72.400841365,0.2545982575024201,0.3141426783479349,0.2429816069699903,0.1376720901126408,0.1064859632139399,7.600194743,28,-22.596304169837964,234,0.2265246853823814,415,0.4017424975798644,2024
687401,"Ortiz, Joey",759,0.9046483909415972,643,72.400831436,0.2437417654808959,0.2752721617418351,0.233201581027668,0.1290824261275272,0.1093544137022397,7.529069433,7,-16.43339144861448,116,0.152832674571805,356,0.4690382081686429,2024
666310,"Naylor, Bo",705,0.9085051546391752,566,72.371691887,0.2212765957446809,0.2862190812720848,0.2297872340425532,0.1148409893992932,0.0921985815602836,7.765857106,18,-21.68397163923256,139,0.1971631205673759,248,0.3517730496453901,2024
676475,"Burleson, Alec",838,0.9020452099031216,706,72.364166718,0.29236276849642,0.3909348441926346,0.3293556085918854,0.1869688385269121,0.1575178997613365,7.452156718,12,0.3864575867623792,132,0.1575178997613365,389,0.4642004773269689,2024
668227,"Arozarena, Randy",1091,0.9009083402146986,792,72.326694033,0.2978918423464712,0.3497474747474747,0.2538955087076077,0.1830808080808081,0.1329055912007332,7.445398588,20,-18.805169388298964,299,0.2740604949587534,383,0.3510540788267644,2024
665161,"Peña, Jeremy",811,0.9051339285714286,604,72.317324538,0.156596794081381,0.4056291390728477,0.3020961775585696,0.1986754966887417,0.1479654747225647,7.551023366,13,0.9077792022946838,207,0.2552404438964241,381,0.469790382244143,2024
665966,"Narváez, Carlos",796,0.9045454545454544,590,72.283279987,0.2047738693467337,0.3457627118644067,0.2562814070351759,0.1559322033898305,0.1155778894472361,7.594159384,15,-15.168528241541612,206,0.2587939698492462,274,0.3442211055276382,2024
553993,"Suárez, Eugenio",1150,0.8984375,804,72.269102113,0.2652173913043479,0.3159203980099502,0.2208695652173913,0.154228855721393,0.1078260869565217,7.803078635,57,2.7429266205032405,346,0.3008695652173913,371,0.3226086956521739,2024
607043,"Nimmo, Brandon",1061,0.9029787234042552,817,72.253574015,0.2648444863336475,0.3439412484700122,0.2648444863336475,0.1921664626682986,0.1479736098020735,7.190820801,22,-21.475246773386345,244,0.2299717247879359,403,0.3798303487276154,2024
668804,"Reynolds, Bryan",1151,0.9027450980392157,843,72.221864657,0.2284969591659426,0.32858837485172,0.2406602953953084,0.1637010676156583,0.1198957428323197,6.94773384,45,-30.16719829749172,308,0.2675933970460469,390,0.3388357949609035,2024
593428,"Bogaerts, Xander",741,0.903658536585366,592,72.216795992,0.2604588394062079,0.3631756756756756,0.2901484480431849,0.1570945945945946,0.1255060728744939,7.335557058,16,-19.206902302834816,149,0.2010796221322537,352,0.4750337381916329,2024
673237,"Diaz, Yainer",979,0.9031365313653136,773,72.192034883,0.2175689479060266,0.3479948253557567,0.2747701736465781,0.1759379042690815,0.1389172625127681,7.33102382,30,-15.083571077063173,206,0.2104187946884576,413,0.4218590398365679,2024
665019,"Clemens, Kody",654,0.9058171745152356,508,72.190420994,0.1758409785932721,0.3464566929133858,0.2691131498470948,0.1830708661417323,0.1422018348623853,7.27644396,9,-13.441119053290262,146,0.2232415902140672,239,0.3654434250764526,2024
657656,"Laureano, Ramón",828,0.9009793253536452,619,72.186227283,0.2234299516908213,0.3166397415185784,0.2367149758454106,0.1647819063004846,0.1231884057971014,7.011660773,28,-1.5167948728643408,209,0.2524154589371981,293,0.3538647342995169,2024
663616,"Larnach, Trevor",859,0.9070749736008448,615,72.180620186,0.2316647264260768,0.3788617886178861,0.2712456344586729,0.1674796747967479,0.119906868451688,7.268091723,19,-21.23283459846611,244,0.2840512223515716,345,0.4016298020954598,2024
666969,"García, Adolis",1002,0.906787330316742,722,72.128697236,0.2534930139720558,0.3587257617728532,0.2584830339321357,0.1689750692520775,0.1217564870259481,7.584371627,16,-31.207784732405795,280,0.279441117764471,359,0.3582834331337325,2024
663656,"Tucker, Kyle",926,0.9034146341463416,761,72.055486469,0.236501079913607,0.3600525624178712,0.2958963282937365,0.152431011826544,0.1252699784017278,7.55312757,15,-17.300447751237837,165,0.1781857451403887,399,0.4308855291576673,2024
642715,"Adames, Willy",1152,0.9049489395129616,846,72.054164271,0.1979166666666667,0.2919621749408983,0.2144097222222222,0.1182033096926714,0.0868055555555555,8.139825538,14,-20.426527145795696,306,0.265625,388,0.3368055555555556,2024
592663,"Realmuto, J.T.",937,0.9097087378640776,721,72.035947332,0.2625400213447171,0.3037447988904299,0.2337246531483457,0.1497919556171983,0.1152614727854856,7.517769466,16,-28.88665147447147,216,0.2305229455709712,336,0.3585912486659551,2024
663697,"India, Jonathan",830,0.9011943539630836,690,71.98980012,0.2349397590361446,0.3260869565217391,0.2710843373493976,0.136231884057971,0.1132530120481927,7.298696494,29,-28.473941259563546,140,0.1686746987951807,368,0.4433734939759036,2024
701538,"Merrill, Jackson",854,0.9046610169491526,627,71.972846183,0.1990632318501171,0.303030303030303,0.2224824355971897,0.1531100478468899,0.1124121779859484,7.436493618,17,-7.356703195298549,227,0.265807962529274,290,0.3395784543325527,2024
681351,"O'Hoppe, Logan",802,0.9001122334455668,552,71.969371147,0.2044887780548628,0.3405797101449275,0.2344139650872818,0.1702898550724637,0.1172069825436409,7.631040935,17,-26.39961695797038,250,0.3117206982543641,258,0.3216957605985037,2024
672580,"Garcia, Maikel",891,0.9045685279187816,774,71.908026723,0.1717171717171716,0.4392764857881137,0.3815937149270482,0.2118863049095607,0.1840628507295174,7.264137935,11,-5.126281036952437,117,0.1313131313131313,478,0.5364758698092031,2024
669720,"Hays, Austin",716,0.9017632241813602,510,71.906863226,0.1983240223463686,0.3117647058823529,0.2220670391061452,0.1313725490196078,0.0935754189944134,7.05676338,29,-17.256171182623866,206,0.2877094972067039,254,0.3547486033519553,2024
681481,"Carpenter, Kerry",822,0.90929203539823,629,71.899245657,0.1824817518248175,0.383147853736089,0.2931873479318734,0.163751987281399,0.1253041362530413,7.478105134,22,4.60228987531398,193,0.2347931873479318,313,0.3807785888077858,2024
656811,"O'Hearn, Ryan",909,0.9126506024096386,713,71.773209505,0.1782178217821782,0.3281907433380084,0.2574257425742574,0.1430575035063113,0.1122112211221122,7.115698504,18,-10.545720631865091,196,0.2156215621562156,346,0.3806380638063806,2024
664761,"Bohm, Alec",770,0.903755868544601,666,71.710521857,0.1818181818181818,0.3753753753753753,0.3246753246753247,0.1726726726726726,0.1493506493506493,7.279825935,11,-7.249695045195896,104,0.135064935064935,359,0.4662337662337662,2024
672640,"Lopez, Otto",874,0.9028925619834712,726,71.697503158,0.2196796338672769,0.3774104683195592,0.3135011441647597,0.1707988980716253,0.1418764302059496,6.7934977,19,-19.22976666023104,148,0.1693363844393592,420,0.4805491990846682,2024
693307,"Dingler, Dillon",773,0.904093567251462,595,71.690906274,0.1461836998706339,0.3394957983193277,0.2613195342820181,0.1680672268907563,0.129366106080207,7.699791552,14,-9.063730830908527,178,0.2302716688227684,303,0.3919793014230271,2024
664023,"Happ, Ian",1042,0.9052997393570807,795,71.668839664,0.1717850287907869,0.3270440251572327,0.2495201535508637,0.1610062893081761,0.1228406909788867,6.915486843,15,-27.05052098126763,247,0.2370441458733205,389,0.373320537428023,2024
678662,"Tovar, Ezequiel",774,0.9042056074766356,539,71.626449315,0.1912144702842377,0.261595547309833,0.1821705426356589,0.1261595547309833,0.0878552971576227,7.53609593,7,-21.72841614406461,235,0.3036175710594315,241,0.3113695090439276,2024
650489,"Castro, Willi",805,0.9014557670772676,585,71.612669441,0.2111801242236024,0.2769230769230769,0.2012422360248447,0.1247863247863247,0.0906832298136646,7.23363759,13,-16.130527383668262,220,0.2732919254658385,261,0.3242236024844721,2024
646240,"Devers, Rafael",1281,0.9098011363636364,882,71.576284145,0.1975019516003122,0.3151927437641723,0.2170179547228727,0.1791383219954648,0.1233411397345823,7.56935064,28,-25.34910689134893,399,0.3114754098360656,376,0.2935206869633099,2024
672275,"Bailey, Patrick",747,0.9,550,71.564001499,0.1579651941097724,0.3109090909090909,0.2289156626506024,0.1327272727272727,0.0977242302543507,7.295490455,11,-24.579821367270974,197,0.2637215528781794,270,0.3614457831325301,2024
571448,"Arenado, Nolan",694,0.9001297016861219,589,71.430622896,0.1685878962536023,0.3395585738539898,0.2881844380403458,0.1137521222410865,0.0965417867435158,8.428663012,16,-17.91212122003994,105,0.1512968299711815,332,0.4783861671469741,2024
687263,"Neto, Zach",925,0.9033203125,672,71.408776519,0.1329729729729729,0.3660714285714285,0.2659459459459459,0.1800595238095238,0.1308108108108108,7.055745276,30,-10.867234499785528,253,0.2735135135135135,327,0.3535135135135135,2024
669016,"Marsh, Brandon",688,0.906455862977602,537,71.377627064,0.1395348837209302,0.3445065176908752,0.2688953488372093,0.1508379888268156,0.1177325581395348,7.138001163,8,-6.0316987950504055,151,0.2194767441860465,255,0.3706395348837209,2024
671289,"Freeman, Tyler",643,0.9069111424541608,568,71.319275474,0.1461897356143079,0.3556338028169014,0.3141524105754277,0.1338028169014084,0.1181959564541213,6.940430793,7,-19.1343773761508,75,0.1166407465007776,293,0.4556765163297045,2024
596146,"Kepler, Max",783,0.9,621,71.317041545,0.1596424010217113,0.3671497584541063,0.2911877394636015,0.1658615136876006,0.1315453384418901,7.363186296,27,-22.79940679171565,162,0.2068965517241379,312,0.3984674329501915,2024
467793,"Santana, Carlos",770,0.9080188679245284,591,71.281599818,0.1714285714285714,0.2944162436548223,0.2259740259740259,0.1302876480541455,0.1,7.636639403,13,-30.519462241820086,179,0.2324675324675324,281,0.3649350649350649,2024
668901,"Vientos, Mark",792,0.9051428571428572,551,71.24039673,0.1477272727272728,0.3720508166969147,0.2588383838383838,0.1687840290381125,0.1174242424242424,7.553542462,25,-21.43597745017102,241,0.3042929292929293,270,0.3409090909090909,2024
677950,"Thomas, Alek",763,0.8976470588235295,566,71.188748702,0.145478374836173,0.3409893992932862,0.2529488859764089,0.1643109540636042,0.1218872870249017,7.030923539,31,-22.00865002610068,197,0.2581913499344692,283,0.3709043250327654,2024
607208,"Turner, Trea",1062,0.9038297872340424,814,71.186826507,0.1779661016949152,0.3353808353808354,0.2570621468926554,0.1461916461916461,0.1120527306967985,7.551834849,18,-6.373109558805447,248,0.2335216572504708,419,0.3945386064030132,2024
663647,"Hayes, Ke'Bryan",828,0.9029443838604144,665,71.186608188,0.1183574879227053,0.3759398496240601,0.3019323671497584,0.1654135338345864,0.1328502415458937,6.783318623,11,-31.08446522603295,163,0.1968599033816425,375,0.4528985507246377,2024
571970,"Muncy, Max",594,0.8932330827067669,455,71.174131852,0.1447811447811448,0.3230769230769231,0.2474747474747475,0.1604395604395604,0.1228956228956228,7.011295135,12,-12.718885072349432,139,0.234006734006734,204,0.3434343434343434,2024
593871,"Polanco, Jorge",800,0.8998875140607424,634,71.173813463,0.145,0.3911671924290221,0.31,0.1861198738170347,0.1475,7.217401975,24,-1.6833529532962077,166,0.2075,347,0.43375,2024
573262,"Yastrzemski, Mike",849,0.903191489361702,709,71.157065701,0.0965842167255594,0.3455571227080395,0.2885747938751472,0.1368124118476728,0.1142520612485276,7.495218163,15,-25.223332431405154,140,0.1648998822143698,345,0.4063604240282685,2024
457705,"McCutchen, Andrew",884,0.9020408163265308,671,71.122639966,0.1210407239819004,0.3174366616989568,0.2409502262443439,0.1415797317436661,0.1074660633484163,7.650238507,22,-28.044471385204297,213,0.2409502262443439,316,0.3574660633484163,2024
656775,"Mullins, Cedric",866,0.905857740585774,672,71.117985693,0.1096997690531177,0.2946428571428571,0.2286374133949191,0.1160714285714285,0.0900692840646651,7.548014007,15,-29.31574819770916,194,0.2240184757505773,284,0.3279445727482679,2024
691026,"Winn, Masyn",891,0.9045685279187816,724,71.101336577,0.1728395061728395,0.3121546961325966,0.2536475869809203,0.117403314917127,0.095398428731762,7.466488844,9,-25.09916534229852,167,0.1874298540965207,347,0.3894500561167228,2024
596115,"Story, Trevor",1172,0.904320987654321,827,71.088040828,0.1424914675767918,0.3119709794437726,0.220136518771331,0.1644498186215235,0.1160409556313993,7.358714863,20,-14.301038641917234,345,0.2943686006825938,380,0.3242320819112628,2024
641487,"Crawford, J.P.",1066,0.9049235993208828,862,71.050039062,0.1932457786116323,0.2935034802784222,0.2373358348968105,0.1078886310904872,0.0872420262664165,7.1547606,7,-28.262026266950784,204,0.1913696060037523,411,0.3855534709193245,2024
663757,"Grisham, Trent",802,0.9001122334455668,640,71.027885112,0.1147132169576059,0.378125,0.3017456359102244,0.1828125,0.1458852867830423,7.616144938,15,-6.987021623566189,162,0.2019950124688279,324,0.4039900249376558,2024
678882,"Rafaela, Ceddanne",1104,0.902698282910875,820,71.017957464,0.1240942028985507,0.3268292682926829,0.2427536231884058,0.1402439024390244,0.1041666666666666,7.450740571,20,-23.843744016285555,284,0.2572463768115942,401,0.3632246376811594,2024
664034,"France, Ty",855,0.9018987341772152,691,71.010602655,0.1473684210526316,0.3400868306801736,0.2748538011695906,0.1577424023154848,0.127485380116959,7.450023754,19,-20.847233939616043,164,0.191812865497076,338,0.3953216374269006,2024
608324,"Bregman, Alex",714,0.9095541401273886,623,71.001324846,0.0896358543417367,0.4301765650080257,0.3753501400560224,0.1524879614767255,0.1330532212885154,7.072280294,17,-4.58924628437304,91,0.1274509803921568,349,0.4887955182072829,2024
596019,"Lindor, Francisco",1180,0.9062980030721968,942,70.957487339,0.1644067796610169,0.3375796178343949,0.2694915254237288,0.1390658174097664,0.1110169491525423,7.500810839,14,-23.68335971824431,238,0.2016949152542373,436,0.3694915254237288,2024
647304,"Naylor, Josh",924,0.8979591836734694,734,70.951185801,0.1785714285714286,0.3923705722070845,0.3116883116883117,0.1634877384196185,0.1298701298701298,7.582832922,21,-2.042079338372889,190,0.2056277056277056,420,0.4545454545454545,2024
608070,"Ramírez, José",1084,0.9063545150501672,941,70.947914345,0.1623616236162361,0.3464399574920297,0.3007380073800738,0.1317747077577045,0.1143911439114391,7.238763063,18,1.953903499340711,143,0.1319188191881918,474,0.4372693726937269,2024
630105,"Cronenworth, Jake",801,0.897982062780269,653,70.938401161,0.1548064918851436,0.3016845329249617,0.2459425717852684,0.119448698315467,0.097378277153558,7.022978152,9,-22.23763115990249,148,0.1847690387016229,291,0.3632958801498127,2024
682177,"Schneemann, Daniel",660,0.9004092769440655,479,70.924933455,0.1196969696969697,0.3402922755741127,0.2469696969696969,0.1461377870563674,0.106060606060606,7.012910439,26,-20.125240025484903,181,0.2742424242424242,241,0.3651515151515151,2024
621020,"Swanson, Dansby",1131,0.9040767386091128,815,70.896480433,0.0565870910698497,0.3558282208588957,0.2564102564102564,0.1693251533742331,0.1220159151193634,7.414343634,29,-23.848701462260617,316,0.2793987621573828,401,0.3545534924845269,2024
668715,"Steer, Spencer",984,0.9027522935779816,748,70.872283211,0.0711382113821138,0.3008021390374331,0.2286585365853658,0.1002673796791443,0.0762195121951219,7.388738669,18,-15.057583013059908,236,0.2398373983739837,359,0.3648373983739837,2024
686668,"Doyle, Brenton",862,0.9026178010471204,625,70.753457343,0.062645011600928,0.3648,0.2645011600928074,0.1584,0.1148491879350348,7.21751203,24,-24.988634587496904,237,0.2749419953596287,334,0.3874709976798144,2024
690993,"Keith, Colt",732,0.9093167701863354,579,70.746111175,0.0997267759562841,0.3557858376511226,0.2814207650273224,0.1519861830742659,0.1202185792349726,6.814692404,15,-17.155402952232627,153,0.2090163934426229,293,0.4002732240437158,2024
643446,"McNeil, Jeff",793,0.904218928164196,678,70.745086822,0.1021437578814628,0.3141592920353982,0.2686002522068096,0.0914454277286135,0.0781841109709962,7.330167793,17,-16.10973020129734,115,0.1450189155107188,322,0.4060529634300126,2024
683734,"Vaughn, Andrew",713,0.9013906447534766,569,70.666420463,0.1220196353436185,0.4007029876977153,0.3197755960729312,0.1827768014059754,0.1458625525946704,7.262415568,11,-20.392890845384457,144,0.2019635343618513,306,0.429172510518934,2024
668930,"Turang, Brice",1070,0.9006734006734006,867,70.652912252,0.1813084112149532,0.3437139561707035,0.2785046728971962,0.1430219146482122,0.1158878504672897,6.829842991,27,-5.907149030268109,203,0.1897196261682243,404,0.3775700934579439,2024
678246,"Vargas, Miguel",940,0.9012464046021093,772,70.631688011,0.1170212765957446,0.3601036269430052,0.2957446808510638,0.1321243523316062,0.1085106382978723,7.605435479,17,-23.869063236477235,168,0.1787234042553191,372,0.3957446808510638,2024
702616,"Holliday, Jackson",996,0.9038112522686026,771,70.618351546,0.107429718875502,0.351491569390402,0.2720883534136546,0.1504539559014267,0.1164658634538152,6.903384729,21,-29.110233874503194,225,0.2259036144578313,398,0.3995983935742971,2024
700932,"Manzardo, Kyle",855,0.9047619047619048,625,70.594998772,0.07953216374269,0.3568,0.2608187134502924,0.1424,0.1040935672514619,7.394629942,20,-11.305887576220789,230,0.2690058479532163,306,0.3578947368421052,2024
666971,"Gurriel Jr., Lourdes",923,0.9013671875,758,70.593145666,0.0964247020585048,0.3522427440633245,0.2892741061755146,0.129287598944591,0.1061755146262188,7.490822839,16,-9.982439091042856,165,0.1787648970747562,402,0.4355362946912243,2024
672761,"Pérez, Wenceel",671,0.9079837618403248,498,70.54541386,0.0849478390461997,0.3714859437751004,0.2757078986587183,0.142570281124498,0.1058122205663189,6.956413279,3,-12.232143040527156,173,0.2578241430700447,240,0.3576751117734724,2024
693304,"Gonzales, Nick",695,0.9037711313394018,537,70.517897698,0.1352517985611511,0.3556797020484171,0.274820143884892,0.1322160148975791,0.1021582733812949,7.550997827,24,-22.86662073897332,158,0.2273381294964029,279,0.4014388489208633,2024
592206,"Castellanos, Nick",1121,0.9018503620273532,798,70.517567823,0.1694915254237288,0.3220551378446115,0.2292595896520963,0.119047619047619,0.0847457627118644,7.682416566,17,-21.997608923103265,323,0.288135593220339,370,0.3300624442462087,2024
666018,"Aranda, Jonathan",730,0.9012345679012346,558,70.474476274,0.136986301369863,0.3207885304659498,0.2452054794520548,0.1666666666666666,0.1273972602739726,7.291074945,9,1.6463650811766146,172,0.2356164383561644,238,0.3260273972602739,2024
608348,"Kelly, Carson",666,0.9135802469135802,526,70.432022402,0.063063063063063,0.3498098859315589,0.2762762762762762,0.1482889733840304,0.1171171171171171,6.991381832,2,-13.706258817382803,140,0.2102102102102102,261,0.3918918918918919,2024
673962,"Jung, Josh",870,0.9015544041450776,668,70.283741103,0.0517241379310345,0.3353293413173652,0.2574712643678161,0.1676646706586826,0.128735632183908,6.976292299,17,-12.765586202537875,202,0.232183908045977,325,0.3735632183908046,2024
682657,"Martínez, Angel",818,0.9028697571743928,641,70.190628509,0.1075794621026894,0.3088923556942278,0.2420537897310513,0.095163806552262,0.0745721271393643,7.380795758,7,-27.42432786055415,177,0.2163814180929095,300,0.3667481662591687,2024
650402,"Torres, Gleyber",948,0.90371782650143,772,70.189734515,0.1181434599156118,0.3588082901554404,0.2921940928270042,0.1450777202072538,0.1181434599156118,7.158491508,17,-28.19687215497813,176,0.1856540084388185,383,0.4040084388185654,2024
669242,"Edman, Tommy",566,0.9041533546325878,462,70.183830106,0.1201413427561837,0.3766233766233766,0.3074204946996466,0.1601731601731601,0.1307420494699646,6.904267155,6,-9.266896980191817,104,0.1837455830388692,267,0.4717314487632509,2024
641355,"Bellinger, Cody",1121,0.9106417546709992,928,70.110897618,0.0651204281891168,0.3394396551724138,0.2809991079393398,0.1260775862068965,0.1043710972346119,7.756810116,10,-4.0931737461589535,193,0.1721677074041034,463,0.4130240856378234,2024
677587,"Rocchio, Brayan",620,0.9024745269286754,465,69.997537065,0.0677419354838709,0.3655913978494624,0.2741935483870967,0.1333333333333333,0.1,7.326627677,10,-26.269806075058447,155,0.25,243,0.3919354838709677,2024
670770,"Friedl, TJ",893,0.907520325203252,742,69.877426898,0.0593505039193729,0.3692722371967655,0.3068309070548712,0.1185983827493261,0.0985442329227323,6.722807492,14,-30.95974582846056,151,0.1690929451287794,424,0.4748040313549832,2024
518692,"Freeman, Freddie",1085,0.8966942148760331,818,69.860023438,0.0838709677419354,0.3533007334963325,0.2663594470046083,0.1564792176039119,0.1179723502304147,6.870888249,13,-5.147989281997914,267,0.2460829493087557,401,0.3695852534562212,2024
669257,"Smith, Will",648,0.8950276243093923,514,69.791438858,0.0617283950617284,0.3599221789883268,0.2854938271604938,0.1634241245136186,0.1296296296296296,7.257674645,20,0.8407974842092245,134,0.2067901234567901,249,0.3842592592592592,2024
514888,"Altuve, Jose",965,0.9018691588785048,783,69.713636176,0.1098445595854922,0.3167305236270754,0.2569948186528497,0.1021711366538952,0.082901554404145,7.568655316,12,-12.613978835187924,182,0.18860103626943,414,0.4290155440414507,2024
680574,"McLain, Matt",879,0.9024640657084188,641,69.693676359,0.0523321956769055,0.3260530421216848,0.2377701934015927,0.1232449297971918,0.0898748577929465,6.850454437,30,-31.564247315182545,238,0.2707622298065984,303,0.3447098976109215,2024
683737,"Busch, Michael",941,0.9004784688995215,708,69.634582455,0.0701381509032944,0.384180790960452,0.2890541976620616,0.173728813559322,0.130712008501594,7.024825547,18,-2.587757008288178,233,0.2476089266737513,340,0.361317747077577,2024
807713,"Shaw, Matt",714,0.9003783102143758,571,69.579360168,0.1148459383753501,0.2819614711033275,0.2254901960784313,0.1015761821366024,0.0812324929971988,6.960253908,18,-11.193740249426014,143,0.2002801120448179,275,0.3851540616246499,2024
666158,"Lux, Gavin",778,0.9015063731170336,632,69.569832481,0.0514138817480719,0.3449367088607595,0.2802056555269923,0.120253164556962,0.0976863753213367,7.360788586,32,-11.153529027270366,146,0.1876606683804627,317,0.4074550128534704,2024
666023,"Fermin, Freddy",624,0.9030390738060782,495,69.565852612,0.0528846153846153,0.3313131313131313,0.2628205128205128,0.107070707070707,0.0849358974358974,7.283905801,21,-15.705446465225132,129,0.2067307692307692,229,0.3669871794871794,2024
650859,"Rengifo, Luis",903,0.9011976047904192,708,69.537732968,0.0730897009966777,0.3403954802259887,0.2668881506090808,0.1087570621468926,0.0852713178294573,7.063275437,13,-32.04117713033816,195,0.2159468438538206,364,0.4031007751937984,2024
686797,"Lee, Brooks",851,0.9005291005291005,673,69.50977342,0.0940070505287896,0.362555720653789,0.2867215041128084,0.0950965824665676,0.0752056404230317,7.168350118,42,-31.217887106986677,178,0.209165687426557,351,0.4124559341950646,2024
621493,"Ward, Taylor",890,0.9035532994923858,688,69.470514,0.0719101123595505,0.373546511627907,0.2887640449438202,0.1468023255813953,0.1134831460674157,7.089613539,26,-1.7155338547897578,202,0.2269662921348314,353,0.396629213483146,2024
681082,"Stott, Bryson",879,0.904320987654321,750,69.352879829,0.0568828213879408,0.336,0.2866894197952218,0.1053333333333333,0.0898748577929465,7.198063345,11,-18.42951508943881,129,0.1467576791808873,378,0.4300341296928328,2024
680977,"Donovan, Brendan",728,0.9032258064516128,634,69.324502088,0.048076923076923,0.4227129337539432,0.3681318681318681,0.1750788643533123,0.1524725274725274,6.806265975,8,-15.246715045026672,94,0.1291208791208791,363,0.4986263736263736,2024
665926,"Giménez, Andrés",653,0.9082058414464534,500,69.282386172,0.0704441041347626,0.314,0.2404287901990811,0.08,0.0612557427258805,7.047640337,5,-27.0162187512922,153,0.2343032159264931,236,0.3614088820826952,2024
666182,"Bichette, Bo",1037,0.9001736111111112,856,69.120509508,0.0935390549662488,0.3457943925233644,0.2854387656702025,0.1553738317757009,0.1282545805207328,7.274691003,21,-8.652326783136433,181,0.1745419479267116,414,0.399228543876567,2024
643565,"Tauchman, Mike",655,0.9009628610729024,505,69.078247328,0.0595419847328244,0.3227722772277228,0.248854961832061,0.1168316831683168,0.0900763358778626,7.17535426,16,-9.650435027911096,150,0.2290076335877862,229,0.349618320610687,2024
669701,"Smith, Josh",902,0.9010989010989012,725,69.062262971,0.0365853658536585,0.3393103448275862,0.2727272727272727,0.1048275862068965,0.0842572062084257,6.738840532,13,-26.90657954095923,177,0.196230598669623,354,0.3924611973392461,2024
687363,"Scott II, Victor",650,0.9002770083102493,473,69.026271338,0.06,0.3171247357293869,0.2307692307692307,0.0739957716701902,0.0538461538461538,6.390859677,21,-34.0802764413191,177,0.2723076923076923,233,0.3584615384615384,2024
605141,"Betts, Mookie",860,0.8977035490605428,754,69.024111477,0.0802325581395348,0.4708222811671088,0.4127906976744186,0.1339522546419098,0.1174418604651162,7.029899407,30,-16.093931825083548,106,0.1232558139534883,471,0.5476744186046512,2024
645277,"Albies, Ozzie",1121,0.9004016064257028,908,68.983518707,0.0704727921498662,0.3502202643171806,0.2836752899197145,0.0814977973568281,0.0660124888492417,7.216701169,17,-32.12931197861139,213,0.1900089206066012,453,0.4041034790365745,2024
670623,"Paredes, Isaac",651,0.899171270718232,546,68.963111045,0.0952380952380952,0.3168498168498168,0.2657450076804915,0.0952380952380952,0.0798771121351766,8.031778495,8,-10.626292685964554,105,0.1612903225806451,253,0.3886328725038402,2024
641680,"Heim, Jonah",741,0.902557856272838,573,68.955558448,0.048582995951417,0.3490401396160558,0.2699055330634278,0.1151832460732984,0.0890688259109311,7.51248525,15,-28.21280903153864,168,0.2267206477732793,276,0.3724696356275304,2024
643217,"Benintendi, Andrew",763,0.9008264462809916,586,68.746355636,0.0314547837483617,0.3856655290102389,0.2961992136304063,0.1279863481228668,0.0982961992136304,7.084330996,14,-16.8536006733926,177,0.2319790301441677,312,0.4089121887287025,2024
687462,"Horwitz, Spencer",680,0.8994708994708994,566,68.514093706,0.0705882352941176,0.3180212014134275,0.2647058823529412,0.0883392226148409,0.0735294117647058,6.959581941,13,-13.18000263156136,114,0.1676470588235294,253,0.3720588235294118,2024
663538,"Hoerner, Nico",987,0.9021937842778792,898,68.463165846,0.0263424518743667,0.4008908685968819,0.364741641337386,0.0968819599109131,0.0881458966565349,7.187898632,16,-11.99945199997486,89,0.0901722391084093,513,0.5197568389057751,2024
543760,"Semien, Marcus",865,0.9001040582726326,683,68.434827283,0.0531791907514451,0.3616398243045388,0.2855491329479769,0.1185944363103953,0.0936416184971098,7.719282347,24,-36.49088380208607,182,0.2104046242774566,336,0.3884393063583815,2024
808982,"Lee, Jung Hoo",911,0.8984220907297831,798,68.34337596,0.0274423710208562,0.3984962406015037,0.3490669593852908,0.1077694235588972,0.0944017563117453,7.530641131,6,-19.72846611969334,113,0.12403951701427,440,0.4829857299670692,2024
672695,"Perdomo, Geraldo",1017,0.901595744680851,910,68.256621416,0.0462143559488692,0.3604395604395604,0.3225172074729597,0.1021978021978022,0.0914454277286135,6.900227158,21,6.635629512732995,107,0.1052114060963618,469,0.4611602753195674,2024
686217,"Frelick, Sal",874,0.9056994818652848,777,68.189706979,0.0537757437070938,0.3346203346203346,0.2974828375286041,0.0733590733590733,0.0652173913043478,7.113939005,13,-9.567982975076855,97,0.1109839816933638,398,0.4553775743707093,2024
664770,"Lukes, Nathan",687,0.893368010403121,594,68.021301805,0.0538573508005822,0.3501683501683502,0.3027656477438137,0.1111111111111111,0.0960698689956331,6.485791456,7,-2.055735907757583,93,0.1353711790393013,295,0.4294032023289665,2024
702332,"Durbin, Caleb",699,0.905440414507772,629,67.915193605,0.0185979971387696,0.3704292527821939,0.3333333333333333,0.0794912559618442,0.0715307582260372,6.831482003,21,-15.837320131133808,70,0.100143061516452,361,0.5164520743919886,2024
676391,"Clement, Ernie",859,0.902310924369748,760,67.618231374,0.0244470314318975,0.4184210526315789,0.370197904540163,0.0934210526315789,0.0826542491268917,7.047038556,30,-20.92330616232572,99,0.1152502910360884,441,0.5133876600698487,2024
656716,"McKinstry, Zach",844,0.9134199134199136,657,67.540293898,0.0189573459715639,0.3089802130898021,0.240521327014218,0.0898021308980213,0.0699052132701421,6.799644265,9,-16.28571169531086,187,0.221563981042654,310,0.3672985781990521,2024
694384,"Schanuel, Nolan",809,0.899888765294772,692,67.529340396,0.0605686032138442,0.3786127167630058,0.3238566131025958,0.0939306358381502,0.0803461063040791,6.695874351,13,-25.73497208474831,117,0.1446229913473424,356,0.4400494437577256,2024
700337,"Quero, Edgar",648,0.9012517385257302,515,67.499071944,0.0138888888888888,0.4330097087378641,0.3441358024691358,0.1495145631067961,0.1188271604938271,6.715046188,5,-20.90619536805366,133,0.2052469135802469,269,0.4151234567901234,2024
805367,"Meidroth, Chase",692,0.9010416666666666,617,67.434461228,0.0158959537572254,0.4408427876823338,0.3930635838150289,0.119935170178282,0.1069364161849711,6.652545072,12,-21.33833006221281,75,0.1083815028901734,351,0.5072254335260116,2024
663968,"Mangum, Jake",757,0.8990498812351544,617,67.308387186,0.0528401585204755,0.3290113452188006,0.2681638044914134,0.0956239870340356,0.0779392338177014,6.533167952,8,-18.379137474104148,140,0.1849405548216644,288,0.380449141347424,2024
669364,"Edwards, Xavier",924,0.8988326848249028,815,66.87790447,0.0238095238095238,0.3570552147239264,0.3149350649350649,0.0674846625766871,0.0595238095238095,6.3922075,11,-32.54316183842377,109,0.1179653679653679,410,0.4437229437229437,2024
643396,"Kiner-Falefa, Isiah",685,0.9013157894736842,590,66.566837869,0.0116788321167883,0.3440677966101695,0.2963503649635036,0.0898305084745762,0.0773722627737226,6.89319981,11,-12.78092870604141,95,0.1386861313868613,319,0.4656934306569343,2024
624428,"Frazier, Adam",809,0.8988888888888888,668,65.886248467,0.0160692212608158,0.3263473053892216,0.2694684796044499,0.0419161676646706,0.034610630407911,6.912314771,16,-25.824432551455203,141,0.1742892459826946,306,0.3782447466007416,2024
527038,"Flores, Wilmer",771,0.8996499416569428,619,65.529887795,0.0090791180285343,0.345718901453958,0.2775616083009079,0.061389337641357,0.0492866407263294,6.89320441,17,-23.92414427769884,152,0.1971465629053177,282,0.3657587548638132,2024
805779,"Wilson, Jacob",721,0.899002493765586,653,63.878761123,0.0027739251040221,0.4165390505359878,0.377253814147018,0.0413476263399693,0.0374479889042995,6.105867018,9,-9.487851623040616,68,0.0943134535367545,378,0.5242718446601942,2024
680757,"Kwan, Steven",954,0.9,882,63.681147338,0.0083857442348008,0.4251700680272108,0.3930817610062893,0.0408163265306122,0.0377358490566037,6.32893608,16,-32.4645667765709,72,0.0754716981132075,468,0.490566037735849,2024
650333,"Arraez, Luis",1013,0.8980496453900709,961,62.648735321,0.0039486673247778,0.449531737773153,0.4264560710760118,0.0218522372528616,0.0207305034550839,5.857707374,8,-22.594282945457863,52,0.0513326752221125,513,0.506416584402764,2024
665833,"Cruz, Oneil",818,0.9058693244739756,553,78.789158068,0.7836185819070907,0.3236889692585895,0.2188264058679706,0.2477396021699819,0.167481662591687,7.760677592,19,-21.06072956724766,265,0.323960880195599,271,0.3312958435207824,2025
691406,"Caminero, Junior",1090,0.9068219633943428,839,78.539181982,0.8110091743119265,0.2908224076281287,0.2238532110091743,0.2240762812872467,0.1724770642201835,8.417281284,21,2.3740024598841467,251,0.2302752293577981,427,0.391743119266055,2025
691023,"Walker, Jordan",686,0.9050131926121372,465,78.069257522,0.7784256559766762,0.2666666666666666,0.1807580174927113,0.2,0.1355685131195335,8.258906224,21,-19.146260678908483,221,0.3221574344023323,231,0.336734693877551,2025
666176,"Adell, Jo",1032,0.9028871391076116,779,77.613888062,0.733527131782946,0.2618741976893453,0.1976744186046511,0.1912708600770218,0.1443798449612403,7.728556453,30,0.6673684378130986,253,0.2451550387596899,354,0.3430232558139535,2025
656941,"Schwarber, Kyle",1138,0.9003164556962026,807,77.316244517,0.7706502636203867,0.322180916976456,0.2284710017574692,0.2465923172242874,0.1748681898066783,7.530869815,51,11.199153320743296,331,0.2908611599297012,385,0.3383128295254833,2025
701762,"Kurtz, Nick",731,0.9103362391033624,488,77.211195171,0.7264021887824897,0.2930327868852459,0.1956224350205198,0.221311475409836,0.1477428180574555,7.705810629,18,22.42912705352609,243,0.332421340629275,242,0.3310533515731874,2025
592450,"Judge, Aaron",1015,0.9022222222222224,685,76.992197803,0.7162561576354678,0.3416058394160584,0.2305418719211822,0.2510948905109489,0.1694581280788177,8.109203547,35,34.148531919536566,330,0.3251231527093596,347,0.341871921182266,2025
665489,"Guerrero Jr., Vladimir",927,0.9124015748031497,734,76.664463484,0.6774541531823084,0.3719346049046321,0.2944983818770226,0.2574931880108992,0.203883495145631,7.632336192,8,4.929227111201968,193,0.2081984897518878,454,0.4897518878101402,2025
670242,"Wallner, Matt",693,0.90234375,448,76.567157042,0.6854256854256853,0.2522321428571428,0.163059163059163,0.1696428571428571,0.1096681096681096,7.422964863,21,-3.682184753446162,245,0.3535353535353535,204,0.2943722943722944,2025
677594,"Rodríguez, Julio",1212,0.905829596412556,884,76.437334686,0.6386138613861385,0.3076923076923077,0.2244224422442244,0.1979638009049773,0.1443894389438944,7.674201295,19,-2.4884927866672584,328,0.2706270627062706,458,0.3778877887788779,2025
660670,"Acuña Jr., Ronald",707,0.8994910941475827,502,76.414268656,0.6732673267326732,0.2828685258964143,0.2008486562942008,0.199203187250996,0.1414427157001414,7.593044752,17,1.8901222995738047,205,0.28995756718529,226,0.3196605374823196,2025
695578,"Wood, James",1029,0.901840490797546,721,76.045597784,0.6268221574344023,0.3356449375866852,0.2351797862001943,0.2274618585298197,0.1593780369290573,7.660401516,44,-1.1969703349949925,308,0.2993197278911564,353,0.3430515063168124,2025
575929,"Contreras, Willson",926,0.9034146341463416,666,75.993222084,0.6209503239740823,0.2912912912912913,0.2095032397408207,0.1831831831831832,0.1317494600431965,7.962314244,14,-10.202626987773378,260,0.2807775377969762,319,0.3444924406047516,2025
680718,"Barger, Addison",855,0.9076433121019108,641,75.928020187,0.6269005847953215,0.3057722308892355,0.2292397660818713,0.2059282371294852,0.1543859649122807,7.657877567,7,-13.723687647690731,214,0.2502923976608187,316,0.3695906432748538,2025
663586,"Riley, Austin",800,0.9019165727170236,577,75.887103088,0.6050000000000002,0.2755632582322357,0.19875,0.1923743500866551,0.13875,7.567306888,18,-14.124676305059166,223,0.27875,265,0.33125,2025
660821,"Sánchez, Jesús",826,0.9066959385290888,621,75.851158487,0.5883777239709442,0.3043478260869565,0.2288135593220339,0.1867954911433172,0.1404358353510895,6.918172554,14,-24.85054572308101,205,0.24818401937046,316,0.3825665859564164,2025
660271,"Ohtani, Shohei",1149,0.9025923016496464,788,75.848867685,0.618798955613577,0.3642131979695431,0.2497824194952132,0.2601522842639593,0.1784160139251523,7.932627581,14,25.06675493108903,361,0.3141862489120974,389,0.3385552654482158,2025
673357,"Robert Jr., Luis",723,0.902621722846442,518,75.613043555,0.5739972337482712,0.2837837837837837,0.2033195020746888,0.1640926640926641,0.1175656984785615,7.81207177,19,-14.89584872369119,205,0.2835408022130014,257,0.355463347164592,2025
682985,"Greene, Riley",1255,0.9074475777295734,866,75.60623192,0.5721115537848607,0.2459584295612009,0.1697211155378486,0.151270207852194,0.1043824701195219,7.274556876,6,-13.09729666895662,389,0.3099601593625498,359,0.2860557768924303,2025
683002,"Henderson, Gunnar",1061,0.9122957867583836,821,75.340720999,0.5344015080113101,0.3239951278928136,0.2507068803016022,0.2034104750304506,0.1573986804901036,7.278690434,21,-14.388135040917026,240,0.2262016965127238,417,0.3930254476908577,2025
686948,"Baldwin, Drake",778,0.9067599067599068,638,75.302231992,0.56426735218509,0.3119122257053291,0.255784061696658,0.1896551724137931,0.1555269922879177,7.184185013,9,-1.5511166364706557,140,0.1799485861182519,316,0.4061696658097686,2025
624413,"Alonso, Pete",1133,0.9085805934242182,858,75.256778967,0.5339805825242717,0.3356643356643357,0.2541924095322153,0.2272727272727272,0.1721094439541041,7.057215755,15,-3.545842109061556,275,0.2427184466019417,433,0.382171226831421,2025
663728,"Raleigh, Cal",1282,0.9009135628952916,918,75.240044431,0.546801872074883,0.2777777777777778,0.1989079563182527,0.1742919389978213,0.1248049921996879,7.89323259,29,5.855278933115832,364,0.2839313572542902,383,0.2987519500780031,2025
682663,"Ramírez, Agustín",945,0.9104046242774566,719,75.23016891,0.5544973544973545,0.3198887343532684,0.2433862433862433,0.21557719054242,0.164021164021164,7.505137651,19,-21.178508166265942,226,0.2391534391534391,399,0.4222222222222222,2025
663624,"Mountcastle, Ryan",691,0.9092105263157896,477,75.209663473,0.5267727930535457,0.2746331236897275,0.1895803183791606,0.1509433962264151,0.1041968162083936,7.532170564,13,-14.22901705390432,214,0.3096960926193922,220,0.3183791606367583,2025
672356,"Arias, Gabriel",911,0.9082751744765702,556,75.07646303,0.526893523600439,0.2751798561151079,0.1679473106476399,0.1618705035971223,0.0987925356750823,7.616500099,22,-29.6761756798724,355,0.3896816684961581,257,0.2821075740944017,2025
621439,"Buxton, Byron",934,0.9050387596899224,665,75.034829251,0.505353319057816,0.318796992481203,0.2269807280513918,0.2030075187969924,0.1445396145610278,7.93421576,15,11.80472677896015,269,0.2880085653104925,332,0.3554603854389722,2025
669065,"Stowers, Kyle",814,0.902439024390244,566,75.003284631,0.5171990171990172,0.2985865724381625,0.2076167076167076,0.1749116607773851,0.1216216216216216,6.737465393,24,4.86674181207287,248,0.3046683046683047,259,0.3181818181818182,2025
656305,"Chapman, Matt",824,0.9064906490649064,627,74.95186142,0.508495145631068,0.2998405103668261,0.2281553398058252,0.1802232854864433,0.137135922330097,7.486535886,20,-15.091824438867608,197,0.2390776699029126,301,0.3652912621359223,2025
683146,"Baty, Brett",717,0.9053030303030304,527,74.80152152,0.485355648535565,0.3092979127134725,0.2273361227336122,0.174573055028463,0.1283124128312412,7.358614142,16,-5.184352811514541,190,0.2649930264993027,261,0.3640167364016736,2025
680776,"Duran, Jarren",1090,0.9083333333333332,797,74.780223881,0.4752293577981651,0.3199498117942284,0.2339449541284403,0.1944792973651192,0.1422018348623853,7.483983569,21,-15.271286595216509,293,0.2688073394495412,417,0.3825688073394495,2025
657757,"Sheets, Gavin",916,0.9078295341922696,732,74.776802238,0.5185589519650655,0.3128415300546448,0.25,0.1762295081967213,0.1408296943231441,7.744474476,20,-10.223614010791852,184,0.2008733624454148,374,0.408296943231441,2025
682998,"Carroll, Corbin",1082,0.9039264828738512,829,74.653640647,0.4556377079482439,0.3039806996381182,0.232902033271719,0.1942098914354644,0.1487985212569316,7.305025518,20,-2.802655697508932,253,0.2338262476894639,383,0.3539741219963031,2025
669394,"Burger, Jake",648,0.905027932960894,464,74.646523071,0.5,0.3189655172413793,0.228395061728395,0.2155172413793103,0.1543209876543209,7.434226512,13,-15.07549318077621,184,0.2839506172839506,240,0.3703703703703703,2025
606466,"Marte, Ketel",844,0.90752688172043,663,74.616460948,0.4549763033175356,0.3559577677224736,0.2796208530805687,0.1930618401206636,0.1516587677725118,7.834037192,14,-2.605991051038294,181,0.2144549763033175,365,0.4324644549763033,2025
701358,"Smith, Cam",885,0.9049079754601228,640,74.498750667,0.4689265536723163,0.2546875,0.1841807909604519,0.1453125,0.1050847457627118,7.315622395,16,-22.35207632324541,245,0.2768361581920904,294,0.3322033898305084,2025
682829,"De La Cruz, Elly",1083,0.9055183946488294,750,74.485111062,0.4496768236380424,0.344,0.2382271468144044,0.204,0.1412742382271468,7.188370813,32,-16.818128744316148,333,0.3074792243767313,409,0.3776546629732225,2025
592518,"Machado, Manny",1185,0.9045801526717556,891,74.470258042,0.430379746835443,0.3535353535353535,0.2658227848101265,0.2199775533108866,0.1654008438818565,7.822820886,20,-16.378292677774738,294,0.2481012658227848,456,0.3848101265822785,2025
671056,"Herrera, Iván",703,0.9059278350515464,549,74.395397681,0.476529160739687,0.3224043715846995,0.251778093883357,0.1876138433515482,0.1465149359886202,7.840217368,4,-9.02497325400557,154,0.2190611664295874,273,0.3883357041251778,2025
696100,"Goodman, Hunter",1035,0.905511811023622,728,74.380206309,0.4270531400966182,0.3090659340659341,0.217391304347826,0.1634615384615384,0.114975845410628,7.255008937,27,5.813713199840276,307,0.2966183574879227,356,0.3439613526570048,2025
677951,"Witt Jr., Bobby",1114,0.9079054604726976,865,74.337984048,0.4506283662477558,0.3479768786127167,0.2701974865350089,0.2,0.1552962298025134,7.033936077,24,-2.19287345069614,249,0.2235188509874326,454,0.40754039497307,2025
671739,"Harris II, Michael",1073,0.9039595619208088,824,74.324738145,0.4072693383038209,0.3118932038834951,0.2395153774464119,0.1881067961165048,0.1444547996272134,8.043171855,22,-29.58139112785936,249,0.2320596458527493,438,0.4082013047530289,2025
547180,"Harper, Bryce",1033,0.9013961605584644,734,74.188664105,0.4433688286544047,0.3010899182561308,0.2139399806389157,0.1839237057220708,0.1306873184898354,7.340089903,15,-8.685617007501897,299,0.2894482090997096,348,0.3368828654404646,2025
572233,"Walker, Christian",1157,0.901792673421668,842,74.121950838,0.4191875540190146,0.2885985748218527,0.2100259291270527,0.1638954869358669,0.1192739844425237,7.475370778,54,-24.42773764125978,315,0.2722558340535869,380,0.3284356093344857,2025
677800,"Abreu, Wilyer",745,0.9063260340632604,593,74.113350443,0.4093959731543623,0.2748735244519393,0.2187919463087248,0.1686340640809443,0.1342281879194631,7.118607423,15,-4.879121689955363,152,0.2040268456375839,265,0.3557046979865771,2025
691176,"Domínguez, Jasson",769,0.9111374407582938,566,74.059258804,0.3849154746423926,0.2897526501766784,0.2132639791937581,0.1731448763250883,0.1274382314694408,7.794933602,7,-13.403110579139762,203,0.2639791937581274,254,0.330299089726918,2025
545361,"Trout, Mike",857,0.9021052631578949,617,74.049968238,0.4014002333722287,0.2739059967585089,0.1971995332555426,0.1636952998379254,0.1178529754959159,7.462248705,25,-13.68838147388264,240,0.2800466744457409,262,0.3057176196032672,2025
641857,"McMahon, Ryan",1001,0.904245709123758,670,74.025842228,0.4005994005994006,0.3134328358208955,0.2097902097902098,0.1701492537313433,0.1138861138861138,7.443851459,28,-35.35739927577845,331,0.3306693306693307,299,0.2987012987012987,2025
671218,"Ramos, Heliot",1122,0.9048387096774192,855,74.003327959,0.446524064171123,0.327485380116959,0.249554367201426,0.1824561403508772,0.1390374331550802,6.83663451,24,-29.456068126141503,267,0.2379679144385026,430,0.3832442067736185,2025
691016,"Soderstrom, Tyler",959,0.909867172675522,731,73.960501168,0.3806047966631909,0.3296853625170998,0.251303441084463,0.2079343365253078,0.1584984358706986,7.481178843,27,-11.2889023892027,228,0.2377476538060479,376,0.3920750782064651,2025
665487,"Tatis Jr., Fernando",1036,0.9048034934497816,774,73.960078147,0.4266409266409265,0.3695090439276486,0.276061776061776,0.2183462532299741,0.1631274131274131,7.28345333,32,-18.964127098134604,262,0.2528957528957529,415,0.4005791505791505,2025
624424,"Conforto, Michael",835,0.9155701754385964,641,73.955932287,0.4263473053892215,0.2730109204368174,0.2095808383233532,0.1404056162246489,0.1077844311377245,7.304327126,7,-34.48168750604044,194,0.2323353293413173,286,0.3425149700598802,2025
621566,"Olson, Matt",1256,0.9088277858176556,940,73.94386164,0.4132165605095542,0.2925531914893617,0.2189490445859872,0.1808510638297872,0.1353503184713375,7.47358371,21,-9.335769077944146,316,0.2515923566878981,406,0.3232484076433121,2025
665862,"Chisholm Jr., Jazz",881,0.9054470709146968,608,73.927217537,0.4188422247446083,0.2960526315789473,0.2043132803632236,0.162828947368421,0.1123723041997729,7.803667128,7,-5.460189473406427,273,0.3098751418842225,282,0.3200908059023836,2025
694192,"Chourio, Jackson",992,0.9009990917347864,760,73.879173498,0.4002016129032257,0.3434210526315789,0.2631048387096774,0.1868421052631579,0.1431451612903226,7.507009163,22,-5.1265523281164125,232,0.2338709677419354,402,0.4052419354838709,2025
664040,"Lowe, Brandon",1055,0.9055793991416308,741,73.851873033,0.4037914691943128,0.2995951417004048,0.2104265402843602,0.1565452091767881,0.109952606635071,7.18868,31,-10.549466401504397,314,0.2976303317535545,341,0.3232227488151659,2025
669127,"Langeliers, Shea",889,0.905295315682281,672,73.821159348,0.3959505061867266,0.3244047619047619,0.2452193475815523,0.1875,0.1417322834645669,7.210800765,5,0.4116652669644831,217,0.2440944881889764,351,0.3948256467941507,2025
621043,"Correa, Carlos",927,0.9097154072620216,734,73.809263398,0.3786407766990292,0.3147138964577656,0.2491909385113268,0.1825613079019073,0.1445523193096008,7.197621521,15,-11.571003160977677,193,0.2081984897518878,380,0.4099244875943905,2025
666160,"Moniak, Mickey",800,0.8998875140607424,593,73.765342013,0.3737500000000001,0.3322091062394603,0.24625,0.1686340640809443,0.125,7.673505663,19,3.069839668301892,207,0.25875,314,0.3925,2025
671732,"Butler, Lawrence",1041,0.9028620988725063,719,73.750080653,0.3919308357348703,0.3059805285118219,0.2113352545629202,0.1766342141863699,0.121998078770413,7.081448463,26,-25.230679016128693,322,0.3093179634966378,356,0.3419788664745437,2025
543807,"Springer, George",922,0.9021526418786692,694,73.743484772,0.4034707158351411,0.3270893371757925,0.2462039045553145,0.185878962536023,0.1399132321041215,7.500359111,13,8.405849532399941,228,0.2472885032537961,355,0.3850325379609544,2025
668904,"Lewis, Royce",683,0.9034391534391536,512,73.64248631,0.398243045387994,0.33203125,0.2489019033674963,0.16796875,0.1259150805270864,8.024680059,12,-4.907378367236925,171,0.2503660322108345,263,0.3850658857979502,2025
665742,"Soto, Juan",917,0.8999018645731109,752,73.594467372,0.4089422028353326,0.3962765957446808,0.3249727371864776,0.2632978723404255,0.2159214830970556,7.028068844,36,16.117597992119187,165,0.1799345692475463,414,0.4514721919302072,2025
650490,"Díaz, Yandy",979,0.9064814814814814,811,73.570977436,0.3534218590398366,0.3637484586929716,0.3013278855975485,0.2379778051787916,0.1971399387129724,7.639619193,9,-6.884815373620763,168,0.1716036772216547,439,0.4484167517875383,2025
667670,"Rooker, Brent",1126,0.9029671210906176,810,73.547462265,0.3570159857904086,0.3333333333333333,0.2397868561278863,0.1716049382716049,0.1234458259325044,7.102419014,45,-12.378890722091118,316,0.280639431616341,435,0.386323268206039,2025
664056,"Bader, Harrison",835,0.90465872156013,605,73.527069449,0.3712574850299401,0.2826446280991735,0.2047904191616766,0.1520661157024793,0.1101796407185628,7.150258299,18,-3.290095653244905,230,0.2754491017964072,298,0.3568862275449102,2025
595879,"Báez, Javier",738,0.8989037758830695,529,73.51512607,0.3441734417344173,0.3024574669187145,0.2168021680216802,0.162570888468809,0.1165311653116531,8.2668379,10,-9.132474582088737,209,0.2831978319783197,278,0.3766937669376693,2025
663457,"Nootbaar, Lars",807,0.9047085201793722,650,73.436411289,0.3779429987608426,0.36,0.2899628252788104,0.1938461538461538,0.1561338289962825,6.894047968,20,-24.93632661401165,157,0.1945477075588599,355,0.4399008674101611,2025
669224,"Wells, Austin",807,0.9036954087346024,604,73.426844994,0.3110285006195786,0.2947019867549669,0.2205700123915737,0.1672185430463576,0.1251548946716233,7.595962491,12,-13.45946138600474,203,0.2515489467162329,274,0.3395291201982652,2025
676572,"Wagaman, Eric",778,0.9036004645760743,609,73.418307545,0.3663239074550129,0.3760262725779967,0.2943444730077121,0.1954022988505747,0.1529562982005141,7.128526028,26,-15.695383701919749,169,0.2172236503856041,356,0.4575835475578406,2025
700250,"Rice, Ben",780,0.9090909090909092,629,73.40694141,0.3448717948717948,0.3863275039745628,0.3115384615384615,0.2400635930047694,0.1935897435897436,7.361684654,15,-2.50781466622483,151,0.1935897435897436,340,0.4358974358974359,2025
502054,"Pham, Tommy",644,0.9057665260196904,506,73.400016863,0.327639751552795,0.3715415019762846,0.2919254658385093,0.1818181818181818,0.1428571428571428,7.027149317,10,-13.380186819978908,138,0.2142857142857142,274,0.4254658385093168,2025
592885,"Yelich, Christian",1053,0.901541095890411,760,73.379729421,0.3561253561253561,0.3236842105263158,0.2336182336182336,0.1828947368421052,0.1320037986704653,7.537375935,23,-10.400925066798752,293,0.2782526115859449,381,0.3618233618233618,2025
673548,"Suzuki, Seiya",988,0.9006381039197813,782,73.36558583,0.3714574898785425,0.3324808184143222,0.2631578947368421,0.1905370843989769,0.1508097165991903,7.222298613,26,-0.9202503506371142,206,0.2085020242914979,397,0.4018218623481781,2025
661388,"Contreras, William",1051,0.8982905982905983,821,73.253165109,0.3501427212178877,0.366626065773447,0.2863939105613701,0.1936662606577344,0.1512844909609895,7.11134352,27,-15.86816283311958,230,0.2188392007611798,420,0.3996194100856327,2025
687597,"Beck, Jordan",942,0.907514450867052,658,73.199990499,0.3290870488322719,0.2644376899696048,0.1847133757961783,0.1337386018237082,0.0934182590233545,7.724561242,8,-9.42606212036862,284,0.3014861995753715,319,0.3386411889596603,2025
694671,"Langford, Wyatt",900,0.9063444108761328,675,73.144246678,0.29,0.3437037037037037,0.2577777777777778,0.1792592592592592,0.1344444444444444,7.020940822,10,-14.413496195009076,225,0.25,321,0.3566666666666667,2025
605137,"Bell, Josh",889,0.9080694586312564,698,73.081846254,0.3487064116985377,0.3438395415472779,0.2699662542182227,0.1862464183381088,0.1462317210348706,7.964290945,12,-23.399487100369804,191,0.2148481439820022,364,0.4094488188976378,2025
679529,"Torkelson, Spencer",1048,0.9105125977410948,789,73.047568006,0.2643129770992367,0.3067173637515842,0.2309160305343511,0.1520912547528517,0.1145038167938931,7.762899275,17,-21.9375277614721,259,0.2471374045801526,369,0.3520992366412214,2025
606192,"Hernández, Teoscar",946,0.9069990412272292,660,72.943081924,0.3097251585623678,0.346969696969697,0.2420718816067653,0.1848484848484848,0.1289640591966173,7.812608763,26,-17.22474871152257,286,0.3023255813953488,353,0.3731501057082452,2025
521692,"Perez, Salvador",1151,0.9013312451057164,862,72.936409731,0.3049522154648132,0.3259860788863109,0.2441355343179843,0.1751740139211137,0.1311902693310165,7.853045725,22,-20.918272419244044,289,0.2510860121633362,441,0.3831450912250217,2025
542303,"Ozuna, Marcell",906,0.9014925373134328,677,72.883619272,0.3156732891832229,0.3175775480059084,0.2373068432671081,0.1462333825701624,0.1092715231788079,7.2430117,3,-13.252673140586776,229,0.2527593818984547,313,0.3454746136865342,2025
691718,"Crow-Armstrong, Pete",1225,0.9060650887573964,901,72.729197559,0.2848979591836734,0.3007769145394006,0.2212244897959183,0.146503884572697,0.1077551020408163,7.23741551,24,-7.894141731490616,324,0.2644897959183673,415,0.3387755102040816,2025
666134,"Jones, Nolan",690,0.9019607843137256,502,72.724750536,0.3144927536231883,0.3027888446215139,0.2202898550724637,0.1414342629482071,0.1028985507246376,6.87245613,14,-26.478723115256305,188,0.272463768115942,216,0.3130434782608696,2025
669911,"Toglia, Michael",585,0.8944954128440367,387,72.724575419,0.2273504273504274,0.2661498708010336,0.176068376068376,0.1317829457364341,0.0871794871794871,7.579395009,15,-15.904302883008851,198,0.3384615384615385,167,0.2854700854700854,2025
669357,"Gorman, Nolan",687,0.9027595269382392,465,72.705924687,0.2445414847161572,0.2752688172043011,0.1863173216885007,0.1311827956989247,0.0887918486171761,7.552257918,17,-20.763472524450336,222,0.3231441048034934,200,0.2911208151382823,2025
686555,"Collins, Isaac",683,0.9058355437665784,542,72.67321325,0.2254758418740849,0.3044280442804428,0.2415812591508052,0.1402214022140221,0.1112737920937042,6.688299605,19,-11.0954870639292,141,0.2064421669106881,262,0.383601756954612,2025
663993,"Lowe, Nathaniel",1035,0.9039301310043668,801,72.667132184,0.242512077294686,0.2746566791510612,0.2125603864734299,0.1335830212234706,0.1033816425120772,7.221843797,28,-23.14894590627861,234,0.2260869565217391,356,0.3439613526570048,2025
502671,"Goldschmidt, Paul",900,0.9146341463414634,732,72.629168189,0.2188888888888889,0.3401639344262295,0.2766666666666666,0.157103825136612,0.1277777777777777,7.587425833,9,-14.047163586072347,168,0.1866666666666666,371,0.4122222222222222,2025
683011,"Volpe, Anthony",977,0.9037927844588344,741,72.59852911,0.285568065506653,0.3346828609986504,0.2538382804503582,0.1551956815114709,0.1177072671443193,7.248336776,11,-32.40619780592609,236,0.2415557830092118,361,0.3694984646878199,2025
686780,"Pagés, Pedro",684,0.9059602649006624,502,72.593405746,0.2733918128654972,0.2629482071713147,0.1929824561403508,0.1254980079681275,0.0921052631578947,7.110053275,18,-16.449213059833934,182,0.2660818713450292,240,0.3508771929824561,2025
672820,"Sosa, Lenyn",932,0.9057337220602528,729,72.574127146,0.2628755364806866,0.3443072702331962,0.26931330472103,0.1618655692729766,0.1266094420600858,7.420237575,9,1.5966038468005128,203,0.2178111587982832,372,0.3991416309012875,2025
681624,"Pages, Andy",1114,0.9005658852061439,905,72.5706936,0.2154398563734291,0.292817679558011,0.2378815080789946,0.1270718232044199,0.1032315978456014,7.889855503,31,1.9967620372809909,209,0.1876122082585278,418,0.3752244165170557,2025
608369,"Seager, Corey",731,0.9024691358024692,539,72.552322271,0.2188782489740083,0.3543599257884972,0.2612859097127223,0.2040816326530612,0.1504787961696306,6.68573275,21,-6.574383473418659,192,0.2626538987688098,265,0.3625170998632011,2025
672386,"Kirk, Alejandro",844,0.9114470842332614,693,72.537012725,0.2855450236966825,0.3838383838383838,0.3151658767772511,0.2106782106782107,0.1729857819905213,7.193210912,12,-14.480763446978033,151,0.178909952606635,384,0.4549763033175355,2025
686469,"Pasquantino, Vinnie",1093,0.9093178036605656,907,72.528404575,0.2644098810612991,0.3627342888643881,0.3010064043915828,0.1830209481808158,0.151875571820677,7.381393413,12,-1.5272926588292428,186,0.1701738334858188,477,0.4364135407136322,2025
666139,"Lowe, Josh",875,0.9057971014492754,636,72.43918344,0.2754285714285713,0.2688679245283019,0.1954285714285714,0.10062893081761,0.0731428571428571,7.309980034,15,-31.382252100945543,239,0.2731428571428571,265,0.3028571428571429,2025
671277,"García Jr., Luis",878,0.9051546391752576,710,72.4022391,0.2801822323462415,0.376056338028169,0.3041002277904328,0.180281690140845,0.1457858769931662,7.401102995,18,-10.628362343873114,168,0.1913439635535307,388,0.4419134396355353,2025
682928,"Abrams, CJ",1033,0.9006102877070619,799,72.400841365,0.2545982575024201,0.3141426783479349,0.2429816069699903,0.1376720901126408,0.1064859632139399,7.600194743,28,-22.596304169837964,234,0.2265246853823814,415,0.4017424975798644,2025
687401,"Ortiz, Joey",759,0.9046483909415972,643,72.400831436,0.2437417654808959,0.2752721617418351,0.233201581027668,0.1290824261275272,0.1093544137022397,7.529069433,7,-16.43339144861448,116,0.152832674571805,356,0.4690382081686429,2025
666310,"Naylor, Bo",705,0.9085051546391752,566,72.371691887,0.2212765957446809,0.2862190812720848,0.2297872340425532,0.1148409893992932,0.0921985815602836,7.765857106,18,-21.68397163923256,139,0.1971631205673759,248,0.3517730496453901,2025
676475,"Burleson, Alec",838,0.9020452099031216,706,72.364166718,0.29236276849642,0.3909348441926346,0.3293556085918854,0.1869688385269121,0.1575178997613365,7.452156718,12,0.3864575867623792,132,0.1575178997613365,389,0.4642004773269689,2025
668227,"Arozarena, Randy",1091,0.9009083402146986,792,72.326694033,0.2978918423464712,0.3497474747474747,0.2538955087076077,0.1830808080808081,0.1329055912007332,7.445398588,20,-18.805169388298964,299,0.2740604949587534,383,0.3510540788267644,2025
665161,"Peña, Jeremy",811,0.9051339285714286,604,72.317324538,0.156596794081381,0.4056291390728477,0.3020961775585696,0.1986754966887417,0.1479654747225647,7.551023366,13,0.9077792022946838,207,0.2552404438964241,381,0.469790382244143,2025
665966,"Narváez, Carlos",796,0.9045454545454544,590,72.283279987,0.2047738693467337,0.3457627118644067,0.2562814070351759,0.1559322033898305,0.1155778894472361,7.594159384,15,-15.168528241541612,206,0.2587939698492462,274,0.3442211055276382,2025
553993,"Suárez, Eugenio",1150,0.8984375,804,72.269102113,0.2652173913043479,0.3159203980099502,0.2208695652173913,0.154228855721393,0.1078260869565217,7.803078635,57,2.7429266205032405,346,0.3008695652173913,371,0.3226086956521739,2025
607043,"Nimmo, Brandon",1061,0.9029787234042552,817,72.253574015,0.2648444863336475,0.3439412484700122,0.2648444863336475,0.1921664626682986,0.1479736098020735,7.190820801,22,-21.475246773386345,244,0.2299717247879359,403,0.3798303487276154,2025
668804,"Reynolds, Bryan",1151,0.9027450980392157,843,72.221864657,0.2284969591659426,0.32858837485172,0.2406602953953084,0.1637010676156583,0.1198957428323197,6.94773384,45,-30.16719829749172,308,0.2675933970460469,390,0.3388357949609035,2025
593428,"Bogaerts, Xander",741,0.903658536585366,592,72.216795992,0.2604588394062079,0.3631756756756756,0.2901484480431849,0.1570945945945946,0.1255060728744939,7.335557058,16,-19.206902302834816,149,0.2010796221322537,352,0.4750337381916329,2025
673237,"Diaz, Yainer",979,0.9031365313653136,773,72.192034883,0.2175689479060266,0.3479948253557567,0.2747701736465781,0.1759379042690815,0.1389172625127681,7.33102382,30,-15.083571077063173,206,0.2104187946884576,413,0.4218590398365679,2025
665019,"Clemens, Kody",654,0.9058171745152356,508,72.190420994,0.1758409785932721,0.3464566929133858,0.2691131498470948,0.1830708661417323,0.1422018348623853,7.27644396,9,-13.441119053290262,146,0.2232415902140672,239,0.3654434250764526,2025
657656,"Laureano, Ramón",828,0.9009793253536452,619,72.186227283,0.2234299516908213,0.3166397415185784,0.2367149758454106,0.1647819063004846,0.1231884057971014,7.011660773,28,-1.5167948728643408,209,0.2524154589371981,293,0.3538647342995169,2025
663616,"Larnach, Trevor",859,0.9070749736008448,615,72.180620186,0.2316647264260768,0.3788617886178861,0.2712456344586729,0.1674796747967479,0.119906868451688,7.268091723,19,-21.23283459846611,244,0.2840512223515716,345,0.4016298020954598,2025
666969,"García, Adolis",1002,0.906787330316742,722,72.128697236,0.2534930139720558,0.3587257617728532,0.2584830339321357,0.1689750692520775,0.1217564870259481,7.584371627,16,-31.207784732405795,280,0.279441117764471,359,0.3582834331337325,2025
663656,"Tucker, Kyle",926,0.9034146341463416,761,72.055486469,0.236501079913607,0.3600525624178712,0.2958963282937365,0.152431011826544,0.1252699784017278,7.55312757,15,-17.300447751237837,165,0.1781857451403887,399,0.4308855291576673,2025
642715,"Adames, Willy",1152,0.9049489395129616,846,72.054164271,0.1979166666666667,0.2919621749408983,0.2144097222222222,0.1182033096926714,0.0868055555555555,8.139825538,14,-20.426527145795696,306,0.265625,388,0.3368055555555556,2025
592663,"Realmuto, J.T.",937,0.9097087378640776,721,72.035947332,0.2625400213447171,0.3037447988904299,0.2337246531483457,0.1497919556171983,0.1152614727854856,7.517769466,16,-28.88665147447147,216,0.2305229455709712,336,0.3585912486659551,2025
663697,"India, Jonathan",830,0.9011943539630836,690,71.98980012,0.2349397590361446,0.3260869565217391,0.2710843373493976,0.136231884057971,0.1132530120481927,7.298696494,29,-28.473941259563546,140,0.1686746987951807,368,0.4433734939759036,2025
701538,"Merrill, Jackson",854,0.9046610169491526,627,71.972846183,0.1990632318501171,0.303030303030303,0.2224824355971897,0.1531100478468899,0.1124121779859484,7.436493618,17,-7.356703195298549,227,0.265807962529274,290,0.3395784543325527,2025
681351,"O'Hoppe, Logan",802,0.9001122334455668,552,71.969371147,0.2044887780548628,0.3405797101449275,0.2344139650872818,0.1702898550724637,0.1172069825436409,7.631040935,17,-26.39961695797038,250,0.3117206982543641,258,0.3216957605985037,2025
672580,"Garcia, Maikel",891,0.9045685279187816,774,71.908026723,0.1717171717171716,0.4392764857881137,0.3815937149270482,0.2118863049095607,0.1840628507295174,7.264137935,11,-5.126281036952437,117,0.1313131313131313,478,0.5364758698092031,2025
669720,"Hays, Austin",716,0.9017632241813602,510,71.906863226,0.1983240223463686,0.3117647058823529,0.2220670391061452,0.1313725490196078,0.0935754189944134,7.05676338,29,-17.256171182623866,206,0.2877094972067039,254,0.3547486033519553,2025
681481,"Carpenter, Kerry",822,0.90929203539823,629,71.899245657,0.1824817518248175,0.383147853736089,0.2931873479318734,0.163751987281399,0.1253041362530413,7.478105134,22,4.60228987531398,193,0.2347931873479318,313,0.3807785888077858,2025
656811,"O'Hearn, Ryan",909,0.9126506024096386,713,71.773209505,0.1782178217821782,0.3281907433380084,0.2574257425742574,0.1430575035063113,0.1122112211221122,7.115698504,18,-10.545720631865091,196,0.2156215621562156,346,0.3806380638063806,2025
664761,"Bohm, Alec",770,0.903755868544601,666,71.710521857,0.1818181818181818,0.3753753753753753,0.3246753246753247,0.1726726726726726,0.1493506493506493,7.279825935,11,-7.249695045195896,104,0.135064935064935,359,0.4662337662337662,2025
672640,"Lopez, Otto",874,0.9028925619834712,726,71.697503158,0.2196796338672769,0.3774104683195592,0.3135011441647597,0.1707988980716253,0.1418764302059496,6.7934977,19,-19.22976666023104,148,0.1693363844393592,420,0.4805491990846682,2025
693307,"Dingler, Dillon",773,0.904093567251462,595,71.690906274,0.1461836998706339,0.3394957983193277,0.2613195342820181,0.1680672268907563,0.129366106080207,7.699791552,14,-9.063730830908527,178,0.2302716688227684,303,0.3919793014230271,2025
664023,"Happ, Ian",1042,0.9052997393570807,795,71.668839664,0.1717850287907869,0.3270440251572327,0.2495201535508637,0.1610062893081761,0.1228406909788867,6.915486843,15,-27.05052098126763,247,0.2370441458733205,389,0.373320537428023,2025
678662,"Tovar, Ezequiel",774,0.9042056074766356,539,71.626449315,0.1912144702842377,0.261595547309833,0.1821705426356589,0.1261595547309833,0.0878552971576227,7.53609593,7,-21.72841614406461,235,0.3036175710594315,241,0.3113695090439276,2025
650489,"Castro, Willi",805,0.9014557670772676,585,71.612669441,0.2111801242236024,0.2769230769230769,0.2012422360248447,0.1247863247863247,0.0906832298136646,7.23363759,13,-16.130527383668262,220,0.2732919254658385,261,0.3242236024844721,2025
646240,"Devers, Rafael",1281,0.9098011363636364,882,71.576284145,0.1975019516003122,0.3151927437641723,0.2170179547228727,0.1791383219954648,0.1233411397345823,7.56935064,28,-25.34910689134893,399,0.3114754098360656,376,0.2935206869633099,2025
672275,"Bailey, Patrick",747,0.9,550,71.564001499,0.1579651941097724,0.3109090909090909,0.2289156626506024,0.1327272727272727,0.0977242302543507,7.295490455,11,-24.579821367270974,197,0.2637215528781794,270,0.3614457831325301,2025
571448,"Arenado, Nolan",694,0.9001297016861219,589,71.430622896,0.1685878962536023,0.3395585738539898,0.2881844380403458,0.1137521222410865,0.0965417867435158,8.428663012,16,-17.91212122003994,105,0.1512968299711815,332,0.4783861671469741,2025
687263,"Neto, Zach",925,0.9033203125,672,71.408776519,0.1329729729729729,0.3660714285714285,0.2659459459459459,0.1800595238095238,0.1308108108108108,7.055745276,30,-10.867234499785528,253,0.2735135135135135,327,0.3535135135135135,2025
669016,"Marsh, Brandon",688,0.906455862977602,537,71.377627064,0.1395348837209302,0.3445065176908752,0.2688953488372093,0.1508379888268156,0.1177325581395348,7.138001163,8,-6.0316987950504055,151,0.2194767441860465,255,0.3706395348837209,2025
671289,"Freeman, Tyler",643,0.9069111424541608,568,71.319275474,0.1461897356143079,0.3556338028169014,0.3141524105754277,0.1338028169014084,0.1181959564541213,6.940430793,7,-19.1343773761508,75,0.1166407465007776,293,0.4556765163297045,2025
596146,"Kepler, Max",783,0.9,621,71.317041545,0.1596424010217113,0.3671497584541063,0.2911877394636015,0.1658615136876006,0.1315453384418901,7.363186296,27,-22.79940679171565,162,0.2068965517241379,312,0.3984674329501915,2025
467793,"Santana, Carlos",770,0.9080188679245284,591,71.281599818,0.1714285714285714,0.2944162436548223,0.2259740259740259,0.1302876480541455,0.1,7.636639403,13,-30.519462241820086,179,0.2324675324675324,281,0.3649350649350649,2025
668901,"Vientos, Mark",792,0.9051428571428572,551,71.24039673,0.1477272727272728,0.3720508166969147,0.2588383838383838,0.1687840290381125,0.1174242424242424,7.553542462,25,-21.43597745017102,241,0.3042929292929293,270,0.3409090909090909,2025
677950,"Thomas, Alek",763,0.8976470588235295,566,71.188748702,0.145478374836173,0.3409893992932862,0.2529488859764089,0.1643109540636042,0.1218872870249017,7.030923539,31,-22.00865002610068,197,0.2581913499344692,283,0.3709043250327654,2025
607208,"Turner, Trea",1062,0.9038297872340424,814,71.186826507,0.1779661016949152,0.3353808353808354,0.2570621468926554,0.1461916461916461,0.1120527306967985,7.551834849,18,-6.373109558805447,248,0.2335216572504708,419,0.3945386064030132,2025
663647,"Hayes, Ke'Bryan",828,0.9029443838604144,665,71.186608188,0.1183574879227053,0.3759398496240601,0.3019323671497584,0.1654135338345864,0.1328502415458937,6.783318623,11,-31.08446522603295,163,0.1968599033816425,375,0.4528985507246377,2025
571970,"Muncy, Max",594,0.8932330827067669,455,71.174131852,0.1447811447811448,0.3230769230769231,0.2474747474747475,0.1604395604395604,0.1228956228956228,7.011295135,12,-12.718885072349432,139,0.234006734006734,204,0.3434343434343434,2025
593871,"Polanco, Jorge",800,0.8998875140607424,634,71.173813463,0.145,0.3911671924290221,0.31,0.1861198738170347,0.1475,7.217401975,24,-1.6833529532962077,166,0.2075,347,0.43375,2025
573262,"Yastrzemski, Mike",849,0.903191489361702,709,71.157065701,0.0965842167255594,0.3455571227080395,0.2885747938751472,0.1368124118476728,0.1142520612485276,7.495218163,15,-25.223332431405154,140,0.1648998822143698,345,0.4063604240282685,2025
457705,"McCutchen, Andrew",884,0.9020408163265308,671,71.122639966,0.1210407239819004,0.3174366616989568,0.2409502262443439,0.1415797317436661,0.1074660633484163,7.650238507,22,-28.044471385204297,213,0.2409502262443439,316,0.3574660633484163,2025
656775,"Mullins, Cedric",866,0.905857740585774,672,71.117985693,0.1096997690531177,0.2946428571428571,0.2286374133949191,0.1160714285714285,0.0900692840646651,7.548014007,15,-29.31574819770916,194,0.2240184757505773,284,0.3279445727482679,2025
691026,"Winn, Masyn",891,0.9045685279187816,724,71.101336577,0.1728395061728395,0.3121546961325966,0.2536475869809203,0.117403314917127,0.095398428731762,7.466488844,9,-25.09916534229852,167,0.1874298540965207,347,0.3894500561167228,2025
596115,"Story, Trevor",1172,0.904320987654321,827,71.088040828,0.1424914675767918,0.3119709794437726,0.220136518771331,0.1644498186215235,0.1160409556313993,7.358714863,20,-14.301038641917234,345,0.2943686006825938,380,0.3242320819112628,2025
641487,"Crawford, J.P.",1066,0.9049235993208828,862,71.050039062,0.1932457786116323,0.2935034802784222,0.2373358348968105,0.1078886310904872,0.0872420262664165,7.1547606,7,-28.262026266950784,204,0.1913696060037523,411,0.3855534709193245,2025
663757,"Grisham, Trent",802,0.9001122334455668,640,71.027885112,0.1147132169576059,0.378125,0.3017456359102244,0.1828125,0.1458852867830423,7.616144938,15,-6.987021623566189,162,0.2019950124688279,324,0.4039900249376558,2025
678882,"Rafaela, Ceddanne",1104,0.902698282910875,820,71.017957464,0.1240942028985507,0.3268292682926829,0.2427536231884058,0.1402439024390244,0.1041666666666666,7.450740571,20,-23.843744016285555,284,0.2572463768115942,401,0.3632246376811594,2025
664034,"France, Ty",855,0.9018987341772152,691,71.010602655,0.1473684210526316,0.3400868306801736,0.2748538011695906,0.1577424023154848,0.127485380116959,7.450023754,19,-20.847233939616043,164,0.191812865497076,338,0.3953216374269006,2025
608324,"Bregman, Alex",714,0.9095541401273886,623,71.001324846,0.0896358543417367,0.4301765650080257,0.3753501400560224,0.1524879614767255,0.1330532212885154,7.072280294,17,-4.58924628437304,91,0.1274509803921568,349,0.4887955182072829,2025
596019,"Lindor, Francisco",1180,0.9062980030721968,942,70.957487339,0.1644067796610169,0.3375796178343949,0.2694915254237288,0.1390658174097664,0.1110169491525423,7.500810839,14,-23.68335971824431,238,0.2016949152542373,436,0.3694915254237288,2025
647304,"Naylor, Josh",924,0.8979591836734694,734,70.951185801,0.1785714285714286,0.3923705722070845,0.3116883116883117,0.1634877384196185,0.1298701298701298,7.582832922,21,-2.042079338372889,190,0.2056277056277056,420,0.4545454545454545,2025
608070,"Ramírez, José",1084,0.9063545150501672,941,70.947914345,0.1623616236162361,0.3464399574920297,0.3007380073800738,0.1317747077577045,0.1143911439114391,7.238763063,18,1.953903499340711,143,0.1319188191881918,474,0.4372693726937269,2025
630105,"Cronenworth, Jake",801,0.897982062780269,653,70.938401161,0.1548064918851436,0.3016845329249617,0.2459425717852684,0.119448698315467,0.097378277153558,7.022978152,9,-22.23763115990249,148,0.1847690387016229,291,0.3632958801498127,2025
682177,"Schneemann, Daniel",660,0.9004092769440655,479,70.924933455,0.1196969696969697,0.3402922755741127,0.2469696969696969,0.1461377870563674,0.106060606060606,7.012910439,26,-20.125240025484903,181,0.2742424242424242,241,0.3651515151515151,2025
621020,"Swanson, Dansby",1131,0.9040767386091128,815,70.896480433,0.0565870910698497,0.3558282208588957,0.2564102564102564,0.1693251533742331,0.1220159151193634,7.414343634,29,-23.848701462260617,316,0.2793987621573828,401,0.3545534924845269,2025
668715,"Steer, Spencer",984,0.9027522935779816,748,70.872283211,0.0711382113821138,0.3008021390374331,0.2286585365853658,0.1002673796791443,0.0762195121951219,7.388738669,18,-15.057583013059908,236,0.2398373983739837,359,0.3648373983739837,2025
686668,"Doyle, Brenton",862,0.9026178010471204,625,70.753457343,0.062645011600928,0.3648,0.2645011600928074,0.1584,0.1148491879350348,7.21751203,24,-24.988634587496904,237,0.2749419953596287,334,0.3874709976798144,2025
690993,"Keith, Colt",732,0.9093167701863354,579,70.746111175,0.0997267759562841,0.3557858376511226,0.2814207650273224,0.1519861830742659,0.1202185792349726,6.814692404,15,-17.155402952232627,153,0.2090163934426229,293,0.4002732240437158,2025
643446,"McNeil, Jeff",793,0.904218928164196,678,70.745086822,0.1021437578814628,0.3141592920353982,0.2686002522068096,0.0914454277286135,0.0781841109709962,7.330167793,17,-16.10973020129734,115,0.1450189155107188,322,0.4060529634300126,2025
683734,"Vaughn, Andrew",713,0.9013906447534766,569,70.666420463,0.1220196353436185,0.4007029876977153,0.3197755960729312,0.1827768014059754,0.1458625525946704,7.262415568,11,-20.392890845384457,144,0.2019635343618513,306,0.429172510518934,2025
668930,"Turang, Brice",1070,0.9006734006734006,867,70.652912252,0.1813084112149532,0.3437139561707035,0.2785046728971962,0.1430219146482122,0.1158878504672897,6.829842991,27,-5.907149030268109,203,0.1897196261682243,404,0.3775700934579439,2025
678246,"Vargas, Miguel",940,0.9012464046021093,772,70.631688011,0.1170212765957446,0.3601036269430052,0.2957446808510638,0.1321243523316062,0.1085106382978723,7.605435479,17,-23.869063236477235,168,0.1787234042553191,372,0.3957446808510638,2025
702616,"Holliday, Jackson",996,0.9038112522686026,771,70.618351546,0.107429718875502,0.351491569390402,0.2720883534136546,0.1504539559014267,0.1164658634538152,6.903384729,21,-29.110233874503194,225,0.2259036144578313,398,0.3995983935742971,2025
700932,"Manzardo, Kyle",855,0.9047619047619048,625,70.594998772,0.07953216374269,0.3568,0.2608187134502924,0.1424,0.1040935672514619,7.394629942,20,-11.305887576220789,230,0.2690058479532163,306,0.3578947368421052,2025
666971,"Gurriel Jr., Lourdes",923,0.9013671875,758,70.593145666,0.0964247020585048,0.3522427440633245,0.2892741061755146,0.129287598944591,0.1061755146262188,7.490822839,16,-9.982439091042856,165,0.1787648970747562,402,0.4355362946912243,2025
672761,"Pérez, Wenceel",671,0.9079837618403248,498,70.54541386,0.0849478390461997,0.3714859437751004,0.2757078986587183,0.142570281124498,0.1058122205663189,6.956413279,3,-12.232143040527156,173,0.2578241430700447,240,0.3576751117734724,2025
693304,"Gonzales, Nick",695,0.9037711313394018,537,70.517897698,0.1352517985611511,0.3556797020484171,0.274820143884892,0.1322160148975791,0.1021582733812949,7.550997827,24,-22.86662073897332,158,0.2273381294964029,279,0.4014388489208633,2025
592206,"Castellanos, Nick",1121,0.9018503620273532,798,70.517567823,0.1694915254237288,0.3220551378446115,0.2292595896520963,0.119047619047619,0.0847457627118644,7.682416566,17,-21.997608923103265,323,0.288135593220339,370,0.3300624442462087,2025
666018,"Aranda, Jonathan",730,0.9012345679012346,558,70.474476274,0.136986301369863,0.3207885304659498,0.2452054794520548,0.1666666666666666,0.1273972602739726,7.291074945,9,1.6463650811766146,172,0.2356164383561644,238,0.3260273972602739,2025
608348,"Kelly, Carson",666,0.9135802469135802,526,70.432022402,0.063063063063063,0.3498098859315589,0.2762762762762762,0.1482889733840304,0.1171171171171171,6.991381832,2,-13.706258817382803,140,0.2102102102102102,261,0.3918918918918919,2025
673962,"Jung, Josh",870,0.9015544041450776,668,70.283741103,0.0517241379310345,0.3353293413173652,0.2574712643678161,0.1676646706586826,0.128735632183908,6.976292299,17,-12.765586202537875,202,0.232183908045977,325,0.3735632183908046,2025
682657,"Martínez, Angel",818,0.9028697571743928,641,70.190628509,0.1075794621026894,0.3088923556942278,0.2420537897310513,0.095163806552262,0.0745721271393643,7.380795758,7,-27.42432786055415,177,0.2163814180929095,300,0.3667481662591687,2025
650402,"Torres, Gleyber",948,0.90371782650143,772,70.189734515,0.1181434599156118,0.3588082901554404,0.2921940928270042,0.1450777202072538,0.1181434599156118,7.158491508,17,-28.19687215497813,176,0.1856540084388185,383,0.4040084388185654,2025
669242,"Edman, Tommy",566,0.9041533546325878,462,70.183830106,0.1201413427561837,0.3766233766233766,0.3074204946996466,0.1601731601731601,0.1307420494699646,6.904267155,6,-9.266896980191817,104,0.1837455830388692,267,0.4717314487632509,2025
641355,"Bellinger, Cody",1121,0.9106417546709992,928,70.110897618,0.0651204281891168,0.3394396551724138,0.2809991079393398,0.1260775862068965,0.1043710972346119,7.756810116,10,-4.0931737461589535,193,0.1721677074041034,463,0.4130240856378234,2025
677587,"Rocchio, Brayan",620,0.9024745269286754,465,69.997537065,0.0677419354838709,0.3655913978494624,0.2741935483870967,0.1333333333333333,0.1,7.326627677,10,-26.269806075058447,155,0.25,243,0.3919354838709677,2025
670770,"Friedl, TJ",893,0.907520325203252,742,69.877426898,0.0593505039193729,0.3692722371967655,0.3068309070548712,0.1185983827493261,0.0985442329227323,6.722807492,14,-30.95974582846056,151,0.1690929451287794,424,0.4748040313549832,2025
518692,"Freeman, Freddie",1085,0.8966942148760331,818,69.860023438,0.0838709677419354,0.3533007334963325,0.2663594470046083,0.1564792176039119,0.1179723502304147,6.870888249,13,-5.147989281997914,267,0.2460829493087557,401,0.3695852534562212,2025
669257,"Smith, Will",648,0.8950276243093923,514,69.791438858,0.0617283950617284,0.3599221789883268,0.2854938271604938,0.1634241245136186,0.1296296296296296,7.257674645,20,0.8407974842092245,134,0.2067901234567901,249,0.3842592592592592,2025
514888,"Altuve, Jose",965,0.9018691588785048,783,69.713636176,0.1098445595854922,0.3167305236270754,0.2569948186528497,0.1021711366538952,0.082901554404145,7.568655316,12,-12.613978835187924,182,0.18860103626943,414,0.4290155440414507,2025
680574,"McLain, Matt",879,0.9024640657084188,641,69.693676359,0.0523321956769055,0.3260530421216848,0.2377701934015927,0.1232449297971918,0.0898748577929465,6.850454437,30,-31.564247315182545,238,0.2707622298065984,303,0.3447098976109215,2025
683737,"Busch, Michael",941,0.9004784688995215,708,69.634582455,0.0701381509032944,0.384180790960452,0.2890541976620616,0.173728813559322,0.130712008501594,7.024825547,18,-2.587757008288178,233,0.2476089266737513,340,0.361317747077577,2025
807713,"Shaw, Matt",714,0.9003783102143758,571,69.579360168,0.1148459383753501,0.2819614711033275,0.2254901960784313,0.1015761821366024,0.0812324929971988,6.960253908,18,-11.193740249426014,143,0.2002801120448179,275,0.3851540616246499,2025
666158,"Lux, Gavin",778,0.9015063731170336,632,69.569832481,0.0514138817480719,0.3449367088607595,0.2802056555269923,0.120253164556962,0.0976863753213367,7.360788586,32,-11.153529027270366,146,0.1876606683804627,317,0.4074550128534704,2025
666023,"Fermin, Freddy",624,0.9030390738060782,495,69.565852612,0.0528846153846153,0.3313131313131313,0.2628205128205128,0.107070707070707,0.0849358974358974,7.283905801,21,-15.705446465225132,129,0.2067307692307692,229,0.3669871794871794,2025
650859,"Rengifo, Luis",903,0.9011976047904192,708,69.537732968,0.0730897009966777,0.3403954802259887,0.2668881506090808,0.1087570621468926,0.0852713178294573,7.063275437,13,-32.04117713033816,195,0.2159468438538206,364,0.4031007751937984,2025
686797,"Lee, Brooks",851,0.9005291005291005,673,69.50977342,0.0940070505287896,0.362555720653789,0.2867215041128084,0.0950965824665676,0.0752056404230317,7.168350118,42,-31.217887106986677,178,0.209165687426557,351,0.4124559341950646,2025
621493,"Ward, Taylor",890,0.9035532994923858,688,69.470514,0.0719101123595505,0.373546511627907,0.2887640449438202,0.1468023255813953,0.1134831460674157,7.089613539,26,-1.7155338547897578,202,0.2269662921348314,353,0.396629213483146,2025
681082,"Stott, Bryson",879,0.904320987654321,750,69.352879829,0.0568828213879408,0.336,0.2866894197952218,0.1053333333333333,0.0898748577929465,7.198063345,11,-18.42951508943881,129,0.1467576791808873,378,0.4300341296928328,2025
680977,"Donovan, Brendan",728,0.9032258064516128,634,69.324502088,0.048076923076923,0.4227129337539432,0.3681318681318681,0.1750788643533123,0.1524725274725274,6.806265975,8,-15.246715045026672,94,0.1291208791208791,363,0.4986263736263736,2025
665926,"Giménez, Andrés",653,0.9082058414464534,500,69.282386172,0.0704441041347626,0.314,0.2404287901990811,0.08,0.0612557427258805,7.047640337,5,-27.0162187512922,153,0.2343032159264931,236,0.3614088820826952,2025
666182,"Bichette, Bo",1037,0.9001736111111112,856,69.120509508,0.0935390549662488,0.3457943925233644,0.2854387656702025,0.1553738317757009,0.1282545805207328,7.274691003,21,-8.652326783136433,181,0.1745419479267116,414,0.399228543876567,2025
643565,"Tauchman, Mike",655,0.9009628610729024,505,69.078247328,0.0595419847328244,0.3227722772277228,0.248854961832061,0.1168316831683168,0.0900763358778626,7.17535426,16,-9.650435027911096,150,0.2290076335877862,229,0.349618320610687,2025
669701,"Smith, Josh",902,0.9010989010989012,725,69.062262971,0.0365853658536585,0.3393103448275862,0.2727272727272727,0.1048275862068965,0.0842572062084257,6.738840532,13,-26.90657954095923,177,0.196230598669623,354,0.3924611973392461,2025
687363,"Scott II, Victor",650,0.9002770083102493,473,69.026271338,0.06,0.3171247357293869,0.2307692307692307,0.0739957716701902,0.0538461538461538,6.390859677,21,-34.0802764413191,177,0.2723076923076923,233,0.3584615384615384,2025
605141,"Betts, Mookie",860,0.8977035490605428,754,69.024111477,0.0802325581395348,0.4708222811671088,0.4127906976744186,0.1339522546419098,0.1174418604651162,7.029899407,30,-16.093931825083548,106,0.1232558139534883,471,0.5476744186046512,2025
645277,"Albies, Ozzie",1121,0.9004016064257028,908,68.983518707,0.0704727921498662,0.3502202643171806,0.2836752899197145,0.0814977973568281,0.0660124888492417,7.216701169,17,-32.12931197861139,213,0.1900089206066012,453,0.4041034790365745,2025
670623,"Paredes, Isaac",651,0.899171270718232,546,68.963111045,0.0952380952380952,0.3168498168498168,0.2657450076804915,0.0952380952380952,0.0798771121351766,8.031778495,8,-10.626292685964554,105,0.1612903225806451,253,0.3886328725038402,2025
641680,"Heim, Jonah",741,0.902557856272838,573,68.955558448,0.048582995951417,0.3490401396160558,0.2699055330634278,0.1151832460732984,0.0890688259109311,7.51248525,15,-28.21280903153864,168,0.2267206477732793,276,0.3724696356275304,2025
643217,"Benintendi, Andrew",763,0.9008264462809916,586,68.746355636,0.0314547837483617,0.3856655290102389,0.2961992136304063,0.1279863481228668,0.0982961992136304,7.084330996,14,-16.8536006733926,177,0.2319790301441677,312,0.4089121887287025,2025
687462,"Horwitz, Spencer",680,0.8994708994708994,566,68.514093706,0.0705882352941176,0.3180212014134275,0.2647058823529412,0.0883392226148409,0.0735294117647058,6.959581941,13,-13.18000263156136,114,0.1676470588235294,253,0.3720588235294118,2025
663538,"Hoerner, Nico",987,0.9021937842778792,898,68.463165846,0.0263424518743667,0.4008908685968819,0.364741641337386,0.0968819599109131,0.0881458966565349,7.187898632,16,-11.99945199997486,89,0.0901722391084093,513,0.5197568389057751,2025
543760,"Semien, Marcus",865,0.9001040582726326,683,68.434827283,0.0531791907514451,0.3616398243045388,0.2855491329479769,0.1185944363103953,0.0936416184971098,7.719282347,24,-36.49088380208607,182,0.2104046242774566,336,0.3884393063583815,2025
808982,"Lee, Jung Hoo",911,0.8984220907297831,798,68.34337596,0.0274423710208562,0.3984962406015037,0.3490669593852908,0.1077694235588972,0.0944017563117453,7.530641131,6,-19.72846611969334,113,0.12403951701427,440,0.4829857299670692,2025
672695,"Perdomo, Geraldo",1017,0.901595744680851,910,68.256621416,0.0462143559488692,0.3604395604395604,0.3225172074729597,0.1021978021978022,0.0914454277286135,6.900227158,21,6.635629512732995,107,0.1052114060963618,469,0.4611602753195674,2025
686217,"Frelick, Sal",874,0.9056994818652848,777,68.189706979,0.0537757437070938,0.3346203346203346,0.2974828375286041,0.0733590733590733,0.0652173913043478,7.113939005,13,-9.567982975076855,97,0.1109839816933638,398,0.4553775743707093,2025
664770,"Lukes, Nathan",687,0.893368010403121,594,68.021301805,0.0538573508005822,0.3501683501683502,0.3027656477438137,0.1111111111111111,0.0960698689956331,6.485791456,7,-2.055735907757583,93,0.1353711790393013,295,0.4294032023289665,2025
702332,"Durbin, Caleb",699,0.905440414507772,629,67.915193605,0.0185979971387696,0.3704292527821939,0.3333333333333333,0.0794912559618442,0.0715307582260372,6.831482003,21,-15.837320131133808,70,0.100143061516452,361,0.5164520743919886,2025
676391,"Clement, Ernie",859,0.902310924369748,760,67.618231374,0.0244470314318975,0.4184210526315789,0.370197904540163,0.0934210526315789,0.0826542491268917,7.047038556,30,-20.92330616232572,99,0.1152502910360884,441,0.5133876600698487,2025
656716,"McKinstry, Zach",844,0.9134199134199136,657,67.540293898,0.0189573459715639,0.3089802130898021,0.240521327014218,0.0898021308980213,0.0699052132701421,6.799644265,9,-16.28571169531086,187,0.221563981042654,310,0.3672985781990521,2025
694384,"Schanuel, Nolan",809,0.899888765294772,692,67.529340396,0.0605686032138442,0.3786127167630058,0.3238566131025958,0.0939306358381502,0.0803461063040791,6.695874351,13,-25.73497208474831,117,0.1446229913473424,356,0.4400494437577256,2025
700337,"Quero, Edgar",648,0.9012517385257302,515,67.499071944,0.0138888888888888,0.4330097087378641,0.3441358024691358,0.1495145631067961,0.1188271604938271,6.715046188,5,-20.90619536805366,133,0.2052469135802469,269,0.4151234567901234,2025
805367,"Meidroth, Chase",692,0.9010416666666666,617,67.434461228,0.0158959537572254,0.4408427876823338,0.3930635838150289,0.119935170178282,0.1069364161849711,6.652545072,12,-21.33833006221281,75,0.1083815028901734,351,0.5072254335260116,2025
663968,"Mangum, Jake",757,0.8990498812351544,617,67.308387186,0.0528401585204755,0.3290113452188006,0.2681638044914134,0.0956239870340356,0.0779392338177014,6.533167952,8,-18.379137474104148,140,0.1849405548216644,288,0.380449141347424,2025
669364,"Edwards, Xavier",924,0.8988326848249028,815,66.87790447,0.0238095238095238,0.3570552147239264,0.3149350649350649,0.0674846625766871,0.0595238095238095,6.3922075,11,-32.54316183842377,109,0.1179653679653679,410,0.4437229437229437,2025
643396,"Kiner-Falefa, Isiah",685,0.9013157894736842,590,66.566837869,0.0116788321167883,0.3440677966101695,0.2963503649635036,0.0898305084745762,0.0773722627737226,6.89319981,11,-12.78092870604141,95,0.1386861313868613,319,0.4656934306569343,2025
624428,"Frazier, Adam",809,0.8988888888888888,668,65.886248467,0.0160692212608158,0.3263473053892216,0.2694684796044499,0.0419161676646706,0.034610630407911,6.912314771,16,-25.824432551455203,141,0.1742892459826946,306,0.3782447466007416,2025
527038,"Flores, Wilmer",771,0.8996499416569428,619,65.529887795,0.0090791180285343,0.345718901453958,0.2775616083009079,0.061389337641357,0.0492866407263294,6.89320441,17,-23.92414427769884,152,0.1971465629053177,282,0.3657587548638132,2025
805779,"Wilson, Jacob",721,0.899002493765586,653,63.878761123,0.0027739251040221,0.4165390505359878,0.377253814147018,0.0413476263399693,0.0374479889042995,6.105867018,9,-9.487851623040616,68,0.0943134535367545,378,0.5242718446601942,2025
680757,"Kwan, Steven",954,0.9,882,63.681147338,0.0083857442348008,0.4251700680272108,0.3930817610062893,0.0408163265306122,0.0377358490566037,6.32893608,16,-32.4645667765709,72,0.0754716981132075,468,0.490566037735849,2025
650333,"Arraez, Luis",1013,0.8980496453900709,961,62.648735321,0.0039486673247778,0.449531737773153,0.4264560710760118,0.0218522372528616,0.0207305034550839,5.857707374,8,-22.594282945457863,52,0.0513326752221125,513,0.506416584402764,2025
